cohort,k,players,active,retention
2024-01-01,0,6949,6949,1.0000
2024-01-01,1,6949,2116,0.3045
2024-01-01,2,6949,1213,0.1746
2024-01-01,3,6949,897,0.1291
2024-01-01,4,6949,776,0.1117
2024-01-01,5,6949,668,0.0961
2024-01-01,6,6949,566,0.0815
2024-01-01,7,6949,523,0.0753
2024-01-01,8,6949,491,0.0707
2024-01-01,9,6949,481,0.0692
2024-01-01,10,6949,512,0.0737
2024-01-01,11,6949,486,0.0699
2024-01-01,12,6949,456,0.0656
2024-02-01,0,8391,8391,1.0000
2024-02-01,1,8391,2549,0.3038
2024-02-01,2,8391,1444,0.1721
2024-02-01,3,8391,1169,0.1393
2024-02-01,4,8391,966,0.1151
2024-02-01,5,8391,784,0.0934
2024-02-01,6,8391,723,0.0862
2024-02-01,7,8391,665,0.0793
2024-02-01,8,8391,638,0.0760
2024-02-01,9,8391,611,0.0728
2024-02-01,10,8391,541,0.0645
2024-02-01,11,8391,543,0.0647
2024-02-01,12,8391,499,0.0595
2024-03-01,0,10511,10511,1.0000
2024-03-01,1,10511,3055,0.2906
2024-03-01,2,10511,1874,0.1783
2024-03-01,3,10511,1500,0.1427
2024-03-01,4,10511,1094,0.1041
2024-03-01,5,10511,981,0.0933
2024-03-01,6,10511,899,0.0855
2024-03-01,7,10511,852,0.0811
2024-03-01,8,10511,832,0.0792
2024-03-01,9,10511,762,0.0725
2024-03-01,10,10511,781,0.0743
2024-03-01,11,10511,769,0.0732
2024-03-01,12,10511,796,0.0757
2024-04-01,0,10006,10006,1.0000
2024-04-01,1,10006,3205,0.3203
2024-04-01,2,10006,1969,0.1968
2024-04-01,3,10006,1341,0.1340
2024-04-01,4,10006,1099,0.1098
2024-04-01,5,10006,987,0.0986
2024-04-01,6,10006,924,0.0923
2024-04-01,7,10006,938,0.0937
2024-04-01,8,10006,894,0.0893
2024-04-01,9,10006,767,0.0767
2024-04-01,10,10006,734,0.0734
2024-04-01,11,10006,775,0.0775
2024-04-01,12,10006,774,0.0774
2024-05-01,0,10668,10668,1.0000
2024-05-01,1,10668,3292,0.3086
2024-05-01,2,10668,1804,0.1691
2024-05-01,3,10668,1381,0.1295
2024-05-01,4,10668,1204,0.1129
2024-05-01,5,10668,1131,0.1060
2024-05-01,6,10668,1095,0.1026
2024-05-01,7,10668,969,0.0908
2024-05-01,8,10668,894,0.0838
2024-05-01,9,10668,842,0.0789
2024-05-01,10,10668,913,0.0856
2024-05-01,11,10668,908,0.0851
2024-05-01,12,10668,861,0.0807
2024-06-01,0,12765,12765,1.0000
2024-06-01,1,12765,3337,0.2614
2024-06-01,2,12765,2069,0.1621
2024-06-01,3,12765,1626,0.1274
2024-06-01,4,12765,1456,0.1141
2024-06-01,5,12765,1387,0.1087
2024-06-01,6,12765,1142,0.0895
2024-06-01,7,12765,1066,0.0835
2024-06-01,8,12765,958,0.0750
2024-06-01,9,12765,1037,0.0812
2024-06-01,10,12765,1066,0.0835
2024-06-01,11,12765,1018,0.0797
2024-06-01,12,12765,1044,0.0818
2024-07-01,0,9518,9518,1.0000
2024-07-01,1,9518,2855,0.3000
2024-07-01,2,9518,1727,0.1814
2024-07-01,3,9518,1472,0.1547
2024-07-01,4,9518,1280,0.1345
2024-07-01,5,9518,1065,0.1119
2024-07-01,6,9518,977,0.1026
2024-07-01,7,9518,878,0.0922
2024-07-01,8,9518,917,0.0963
2024-07-01,9,9518,911,0.0957
2024-07-01,10,9518,904,0.0950
2024-07-01,11,9518,902,0.0948
2024-07-01,12,9518,786,0.0826
2024-08-01,0,10152,10152,1.0000
2024-08-01,1,10152,3029,0.2984
2024-08-01,2,10152,1915,0.1886
2024-08-01,3,10152,1533,0.1510
2024-08-01,4,10152,1200,0.1182
2024-08-01,5,10152,1078,0.1062
2024-08-01,6,10152,992,0.0977
2024-08-01,7,10152,1036,0.1020
2024-08-01,8,10152,978,0.0963
2024-08-01,9,10152,956,0.0942
2024-08-01,10,10152,953,0.0939
2024-08-01,11,10152,820,0.0808
2024-08-01,12,10152,823,0.0811
2024-09-01,0,9996,9996,1.0000
2024-09-01,1,9996,3126,0.3127
2024-09-01,2,9996,2016,0.2017
2024-09-01,3,9996,1466,0.1467
2024-09-01,4,9996,1271,0.1272
2024-09-01,5,9996,1138,0.1138
2024-09-01,6,9996,1155,0.1155
2024-09-01,7,9996,1064,0.1064
2024-09-01,8,9996,1095,0.1095
2024-09-01,9,9996,1047,0.1047
2024-09-01,10,9996,809,0.0809
2024-09-01,11,9996,842,0.0842
2024-09-01,12,9996,794,0.0794
2024-10-01,0,10701,10701,1.0000
2024-10-01,1,10701,3278,0.3063
2024-10-01,2,10701,1915,0.1790
2024-10-01,3,10701,1548,0.1447
2024-10-01,4,10701,1242,0.1161
2024-10-01,5,10701,1218,0.1138
2024-10-01,6,10701,1187,0.1109
2024-10-01,7,10701,1153,0.1077
2024-10-01,8,10701,1008,0.0942
2024-10-01,9,10701,872,0.0815
2024-10-01,10,10701,881,0.0823
2024-10-01,11,10701,815,0.0762
2024-10-01,12,10701,878,0.0820
2024-11-01,0,11697,11697,1.0000
2024-11-01,1,11697,3162,0.2703
2024-11-01,2,11697,2070,0.1770
2024-11-01,3,11697,1562,0.1335
2024-11-01,4,11697,1455,0.1244
2024-11-01,5,11697,1317,0.1126
2024-11-01,6,11697,1261,0.1078
2024-11-01,7,11697,1207,0.1032
2024-11-01,8,11697,987,0.0844
2024-11-01,9,11697,952,0.0814
2024-11-01,10,11697,914,0.0781
2024-11-01,11,11697,950,0.0812
2024-11-01,12,11697,1057,0.0904
2024-12-01,0,10897,10897,1.0000
2024-12-01,1,10897,3170,0.2909
2024-12-01,2,10897,1931,0.1772
2024-12-01,3,10897,1605,0.1473
2024-12-01,4,10897,1395,0.1280
2024-12-01,5,10897,1280,0.1175
2024-12-01,6,10897,1159,0.1064
2024-12-01,7,10897,1000,0.0918
2024-12-01,8,10897,889,0.0816
2024-12-01,9,10897,811,0.0744
2024-12-01,10,10897,894,0.0820
2024-12-01,11,10897,967,0.0887
2024-12-01,12,10897,901,0.0827
2025-01-01,0,11656,11656,1.0000
2025-01-01,1,11656,3133,0.2688
2025-01-01,2,11656,2102,0.1803
2025-01-01,3,11656,1607,0.1379
2025-01-01,4,11656,1431,0.1228
2025-01-01,5,11656,1251,0.1073
2025-01-01,6,11656,1070,0.0918
2025-01-01,7,11656,1034,0.0887
2025-01-01,8,11656,941,0.0807
2025-01-01,9,11656,978,0.0839
2025-01-01,10,11656,1002,0.0860
2025-01-01,11,11656,912,0.0782
2025-01-01,12,11656,928,0.0796
2025-02-01,0,11403,11403,1.0000
2025-02-01,1,11403,3376,0.2961
2025-02-01,2,11403,2025,0.1776
2025-02-01,3,11403,1637,0.1436
2025-02-01,4,11403,1390,0.1219
2025-02-01,5,11403,1099,0.0964
2025-02-01,6,11403,983,0.0862
2025-02-01,7,11403,900,0.0789
2025-02-01,8,11403,929,0.0815
2025-02-01,9,11403,995,0.0873
2025-02-01,10,11403,885,0.0776
2025-02-01,11,11403,902,0.0791
2025-02-01,12,11403,877,0.0769
2025-03-01,0,13107,13107,1.0000
2025-03-01,1,13107,3620,0.2762
2025-03-01,2,13107,2343,0.1788
2025-03-01,3,13107,1762,0.1344
2025-03-01,4,13107,1363,0.1040
2025-03-01,5,13107,1238,0.0945
2025-03-01,6,13107,1159,0.0884
2025-03-01,7,13107,1105,0.0843
2025-03-01,8,13107,1208,0.0922
2025-03-01,9,13107,1103,0.0842
2025-03-01,10,13107,1074,0.0819
2025-03-01,11,13107,955,0.0729
2025-03-01,12,13107,957,0.0730
2025-04-01,0,11522,11522,1.0000
2025-04-01,1,11522,3632,0.3152
2025-04-01,2,11522,2230,0.1935
2025-04-01,3,11522,1685,0.1462
2025-04-01,4,11522,1462,0.1269
2025-04-01,5,11522,1214,0.1054
2025-04-01,6,11522,1227,0.1065
2025-04-01,7,11522,1346,0.1168
2025-04-01,8,11522,1233,0.1070
2025-04-01,9,11522,1135,0.0985
2025-04-01,10,11522,1119,0.0971
2025-04-01,11,11522,1028,0.0892
2025-04-01,12,11522,1086,0.0943
2025-05-01,0,12470,12470,1.0000
2025-05-01,1,12470,4035,0.3236
2025-05-01,2,12470,2189,0.1755
2025-05-01,3,12470,1802,0.1445
2025-05-01,4,12470,1461,0.1172
2025-05-01,5,12470,1342,0.1076
2025-05-01,6,12470,1461,0.1172
2025-05-01,7,12470,1285,0.1030
2025-05-01,8,12470,1238,0.0993
2025-05-01,9,12470,1180,0.0946
2025-05-01,10,12470,1152,0.0924
2025-05-01,11,12470,1187,0.0952
2025-05-01,12,12470,1187,0.0952
2025-06-01,0,11822,11822,1.0000
2025-06-01,1,11822,3388,0.2866
2025-06-01,2,11822,2135,0.1806
2025-06-01,3,11822,1602,0.1355
2025-06-01,4,11822,1438,0.1216
2025-06-01,5,11822,1510,0.1277
2025-06-01,6,11822,1332,0.1127
2025-06-01,7,11822,1234,0.1044
2025-06-01,8,11822,1118,0.0946
2025-06-01,9,11822,1123,0.0950
2025-06-01,10,11822,1152,0.0974
2025-06-01,11,11822,1139,0.0963
2025-06-01,12,11822,1114,0.0942
2025-07-01,0,10885,10885,1.0000
2025-07-01,1,10885,3323,0.3053
2025-07-01,2,10885,2045,0.1879
2025-07-01,3,10885,1674,0.1538
2025-07-01,4,10885,1571,0.1443
2025-07-01,5,10885,1293,0.1188
2025-07-01,6,10885,1255,0.1153
2025-07-01,7,10885,1017,0.0934
2025-07-01,8,10885,990,0.0910
2025-07-01,9,10885,1071,0.0984
2025-07-01,10,10885,992,0.0911
2025-07-01,11,10885,963,0.0885
2025-07-01,12,10885,935,0.0859
2025-08-01,0,10473,10473,1.0000
2025-08-01,1,10473,3134,0.2992
2025-08-01,2,10473,2087,0.1993
2025-08-01,3,10473,1743,0.1664
2025-08-01,4,10473,1370,0.1308
2025-08-01,5,10473,1261,0.1204
2025-08-01,6,10473,1124,0.1073
2025-08-01,7,10473,1090,0.1041
2025-08-01,8,10473,1099,0.1049
2025-08-01,9,10473,1083,0.1034
2025-08-01,10,10473,1056,0.1008
2025-08-01,11,10473,956,0.0913
2025-08-01,12,10473,1004,0.0959
2025-09-01,0,9446,9446,1.0000
2025-09-01,1,9446,3155,0.3340
2025-09-01,2,9446,2113,0.2237
2025-09-01,3,9446,1615,0.1710
2025-09-01,4,9446,1382,0.1463
2025-09-01,5,9446,1202,0.1272
2025-09-01,6,9446,1186,0.1256
2025-09-01,7,9446,1172,0.1241
2025-09-01,8,9446,1105,0.1170
2025-09-01,9,9446,1023,0.1083
2025-09-01,10,9446,902,0.0955
2025-09-01,11,9446,951,0.1007
2025-10-01,0,10236,10236,1.0000
2025-10-01,1,10236,3394,0.3316
2025-10-01,2,10236,2201,0.2150
2025-10-01,3,10236,1712,0.1673
2025-10-01,4,10236,1490,0.1456
2025-10-01,5,10236,1414,0.1381
2025-10-01,6,10236,1437,0.1404
2025-10-01,7,10236,1253,0.1224
2025-10-01,8,10236,1193,0.1165
2025-10-01,9,10236,1057,0.1033
2025-10-01,10,10236,1058,0.1034
2025-11-01,0,12395,12395,1.0000
2025-11-01,1,12395,3908,0.3153
2025-11-01,2,12395,2519,0.2032
2025-11-01,3,12395,1939,0.1564
2025-11-01,4,12395,1660,0.1339
2025-11-01,5,12395,1622,0.1309
2025-11-01,6,12395,1546,0.1247
2025-11-01,7,12395,1435,0.1158
2025-11-01,8,12395,1199,0.0967
2025-11-01,9,12395,1247,0.1006
2025-12-01,0,11620,11620,1.0000
2025-12-01,1,11620,3913,0.3367
2025-12-01,2,11620,2427,0.2089
2025-12-01,3,11620,1960,0.1687
2025-12-01,4,11620,1716,0.1477
2025-12-01,5,11620,1572,0.1353
2025-12-01,6,11620,1479,0.1273
2025-12-01,7,11620,1299,0.1118
2025-12-01,8,11620,1262,0.1086
2026-01-01,0,12221,12221,1.0000
2026-01-01,1,12221,4033,0.3300
2026-01-01,2,12221,2706,0.2214
2026-01-01,3,12221,2234,0.1828
2026-01-01,4,12221,1851,0.1515
2026-01-01,5,12221,1684,0.1378
2026-01-01,6,12221,1526,0.1249
2026-01-01,7,12221,1422,0.1164
2026-02-01,0,14300,14300,1.0000
2026-02-01,1,14300,3856,0.2697
2026-02-01,2,14300,2508,0.1754
2026-02-01,3,14300,1998,0.1397
2026-02-01,4,14300,1751,0.1224
2026-02-01,5,14300,1497,0.1047
2026-02-01,6,14300,1352,0.0945
2026-03-01,0,11866,11866,1.0000
2026-03-01,1,11866,3845,0.3240
2026-03-01,2,11866,2658,0.2240
2026-03-01,3,11866,2029,0.1710
2026-03-01,4,11866,1654,0.1394
2026-03-01,5,11866,1544,0.1301
2026-04-01,0,12696,12696,1.0000
2026-04-01,1,12696,3891,0.3065
2026-04-01,2,12696,2533,0.1995
2026-04-01,3,12696,1910,0.1504
2026-04-01,4,12696,1662,0.1309
2026-05-01,0,11594,11594,1.0000
2026-05-01,1,11594,3916,0.3378
2026-05-01,2,11594,2326,0.2006
2026-05-01,3,11594,1914,0.1651
2026-06-01,0,13030,13030,1.0000
2026-06-01,1,13030,4103,0.3149
2026-06-01,2,13030,2638,0.2025
2026-07-01,0,10370,10370,1.0000
2026-07-01,1,10370,3614,0.3485
2026-08-01,0,11406,11406,1.0000
