month,dau,mau,dau_mau,players_online
2024-01-01,15940,117858,0.1352,24102
2024-02-01,15546,111288,0.1397,22973
2024-03-01,16014,117308,0.1365,23313
2024-04-01,15606,114089,0.1368,23280
2024-05-01,15792,118755,0.1330,24254
2024-06-01,15993,121961,0.1311,24706
2024-07-01,14240,107970,0.1319,21791
2024-08-01,14321,107367,0.1334,21327
2024-09-01,14191,105752,0.1342,21584
2024-10-01,14990,114726,0.1307,23147
2024-11-01,16311,121517,0.1342,24700
2024-12-01,15070,114795,0.1313,24051
2025-01-01,15475,114588,0.1350,23243
2025-02-01,15872,110691,0.1434,22768
2025-03-01,16329,120519,0.1355,23280
2025-04-01,15713,118574,0.1325,23431
2025-05-01,16841,124662,0.1351,24050
2025-06-01,17015,126610,0.1344,23912
2025-07-01,15034,113433,0.1325,21630
2025-08-01,15033,112108,0.1341,21610
2025-09-01,14819,108077,0.1371,21582
2025-10-01,15585,117931,0.1322,22585
2025-11-01,17819,135553,0.1315,26286
2025-12-01,16175,127009,0.1274,27209
2026-01-01,17136,128151,0.1337,26801
2026-02-01,17519,125664,0.1394,24686
2026-03-01,16207,122115,0.1327,24530
2026-04-01,18175,131665,0.1380,25198
2026-05-01,16567,127101,0.1303,26245
2026-06-01,16843,125540,0.1342,25671
2026-07-01,15256,116923,0.1305,23680
2026-08-01,15894,120647,0.1317,23556
