month,area,produced_isk,destroyed_isk,mined_isk
2024-01-01,High Sec,49527977002846.0,9176042880575.0,13948475502045.0
2024-01-01,Low Sec,19432980987172.0,14027221724999.0,6826912063274.0
2024-01-01,"Non-Universe (Void, Abyssal, CCP)",0.0,5435400032495.0,0.0
2024-01-01,Null Sec (NPC),3122741751965.0,3325639227848.0,2109926925834.0
2024-01-01,Null Sec (Sov),74672151574340.0,21726018483598.0,33880981001899.0
2024-01-01,Pochven,45249494236.0,2233583212376.0,231952091094.0
2024-01-01,Wormhole,4819218382061.0,8735241869510.0,6626770460793.0
2024-01-01,"Wormhole (Shattered, Drifter and Thera)",10813633165.0,469762816887.0,344594918680.0
2024-01-01,Zarzakh,24689635654.0,34029624356.0,0.0
2024-02-01,High Sec,45054409952396.0,10359498555707.0,12186218671797.0
2024-02-01,Low Sec,16747413728649.0,11024881500917.0,5449875871457.0
2024-02-01,"Non-Universe (Void, Abyssal, CCP)",0.0,5209415748155.0,0.0
2024-02-01,Null Sec (NPC),2959093413378.0,2652994175958.0,1758740767682.0
2024-02-01,Null Sec (Sov),65156095250350.0,19436844560791.0,27181996169620.0
2024-02-01,Pochven,53774249809.0,2419529604217.0,143530511045.0
2024-02-01,Wormhole,4531976435397.0,8038038154716.0,5149332295718.0
2024-02-01,"Wormhole (Shattered, Drifter and Thera)",9343374693.0,471617572648.0,290823150307.0
2024-02-01,Zarzakh,19296418397.0,5654398363.0,0.0
2024-03-01,High Sec,48619298651633.0,9910303902150.0,12418252381817.0
2024-03-01,Low Sec,18476904914591.0,11964000131397.0,5637157753468.0
2024-03-01,"Non-Universe (Void, Abyssal, CCP)",0.0,5359319489265.0,0.0
2024-03-01,Null Sec (NPC),2823495550906.0,3180360047354.0,2066466187649.0
2024-03-01,Null Sec (Sov),75809210703435.0,22182698360692.0,26131000328782.0
2024-03-01,Pochven,25012506775.0,2526396285946.0,132854659323.0
2024-03-01,Wormhole,5366926336982.0,8866910084302.0,5158041099160.0
2024-03-01,"Wormhole (Shattered, Drifter and Thera)",19181487630.0,494671980615.0,404778459738.0
2024-03-01,Zarzakh,13770224573.0,32752981670.0,0.0
2024-04-01,High Sec,48331055508716.0,8454622553934.0,12087492055266.0
2024-04-01,Low Sec,16446886974495.0,10578272860182.0,5795977884122.0
2024-04-01,"Non-Universe (Void, Abyssal, CCP)",0.0,5044468149600.0,0.0
2024-04-01,Null Sec (NPC),2520032468681.0,3253039658278.0,1849453247826.0
2024-04-01,Null Sec (Sov),78651521830224.0,22029926723836.0,27884585107737.0
2024-04-01,Pochven,37183717284.0,2763399030007.0,191358041329.0
2024-04-01,Wormhole,5610133427630.0,8228181443362.0,4762475729931.0
2024-04-01,"Wormhole (Shattered, Drifter and Thera)",26512107453.0,408026455006.0,309387421775.0
2024-04-01,Zarzakh,12729500236.0,20200471665.0,0.0
2024-05-01,High Sec,46164880561682.0,7910192971717.0,13161043188723.0
2024-05-01,Low Sec,17891689351248.0,12909536027146.0,5421132041104.0
2024-05-01,"Non-Universe (Void, Abyssal, CCP)",0.0,6180804730129.0,0.0
2024-05-01,Null Sec (NPC),2100781162228.0,2835289343947.0,2072779997364.0
2024-05-01,Null Sec (Sov),85077574535113.0,20214561260674.0,26061367788651.0
2024-05-01,Pochven,25126153572.0,2218444031784.0,201833003110.0
2024-05-01,Wormhole,5006068819675.0,7126391309942.0,4691431528435.0
2024-05-01,"Wormhole (Shattered, Drifter and Thera)",8046326888.0,336460718987.0,362387719468.0
2024-05-01,Zarzakh,43514971279.0,70425688402.0,0.0
2024-06-01,High Sec,45518074492821.0,9415941714797.0,12999389749254.0
2024-06-01,Low Sec,17011070128056.0,12935720392730.0,4787826131037.0
2024-06-01,"Non-Universe (Void, Abyssal, CCP)",0.0,4845497328963.0,0.0
2024-06-01,Null Sec (NPC),2090844951654.0,3239135229182.0,1695775025781.0
2024-06-01,Null Sec (Sov),82656586683429.0,23707952945725.0,26031967272830.0
2024-06-01,Pochven,32314796677.0,3598159623698.0,158565937268.0
2024-06-01,Wormhole,4827905224851.0,7671500374927.0,5006269698636.0
2024-06-01,"Wormhole (Shattered, Drifter and Thera)",5687913613.0,320311807317.0,359547170256.0
2024-06-01,Zarzakh,55795661311.0,22993175950.0,0.0
2024-07-01,High Sec,44355690316845.0,7910254314375.0,12974822195471.0
2024-07-01,Low Sec,19083412610790.0,13227864682521.0,3944507255468.0
2024-07-01,"Non-Universe (Void, Abyssal, CCP)",0.0,4370635511366.0,0.0
2024-07-01,Null Sec (NPC),2508038574430.0,2944878862701.0,1710496093986.0
2024-07-01,Null Sec (Sov),91331925825764.0,22732325113674.0,23381228166379.0
2024-07-01,Pochven,59519108788.0,2857412388122.0,250892990120.0
2024-07-01,Wormhole,4664312415501.0,7682859068195.0,4697357197920.0
2024-07-01,"Wormhole (Shattered, Drifter and Thera)",2515730677.0,324931207826.0,331607771987.0
2024-07-01,Zarzakh,109987783064.0,81985846155.0,0.0
2024-08-01,High Sec,42958997368689.0,32457739697720.0,13103306120030.0
2024-08-01,Low Sec,20549953830782.0,10720396729904.0,3830564104619.0
2024-08-01,"Non-Universe (Void, Abyssal, CCP)",0.0,3981458546681.0,0.0
2024-08-01,Null Sec (NPC),2335138138429.0,3975110054887.0,1295899395704.0
2024-08-01,Null Sec (Sov),82496835950461.0,21923817532726.0,21623455201426.0
2024-08-01,Pochven,55348042362.0,3366822043410.0,312981975383.0
2024-08-01,Wormhole,5480816831341.0,7362767368516.0,4732811355223.0
2024-08-01,"Wormhole (Shattered, Drifter and Thera)",2066924922.0,326495041114.0,374553310549.0
2024-08-01,Zarzakh,59962461929.0,45749970516.0,0.0
2024-09-01,High Sec,41175888352821.0,7332334450998.0,12572030938215.0
2024-09-01,Low Sec,19120948874062.0,12093993768473.0,3626047296746.0
2024-09-01,"Non-Universe (Void, Abyssal, CCP)",0.0,4191829421636.0,0.0
2024-09-01,Null Sec (NPC),2253455089832.0,2896688339458.0,1350801866413.0
2024-09-01,Null Sec (Sov),81996608356543.0,22915153315098.0,21530637580961.0
2024-09-01,Pochven,45777682678.0,4538164649168.0,180697339558.0
2024-09-01,Wormhole,6028045763116.0,7454746078877.0,5152507234634.0
2024-09-01,"Wormhole (Shattered, Drifter and Thera)",4162311086.0,384725759709.0,387925975062.0
2024-09-01,Zarzakh,48678393408.0,2294646837.0,0.0
2024-10-01,High Sec,42584048902422.0,9523019952373.0,12100517171484.0
2024-10-01,Low Sec,19558946337984.0,10608222629465.0,3263957181626.0
2024-10-01,"Non-Universe (Void, Abyssal, CCP)",0.0,2878741470462.0,0.0
2024-10-01,Null Sec (NPC),1823872247022.0,2433039651284.0,1277077481720.0
2024-10-01,Null Sec (Sov),78150197894410.0,18378045039069.0,19635005149607.0
2024-10-01,Pochven,19450197247.0,3761673999793.0,128439797680.0
2024-10-01,Wormhole,5818797607179.0,6237460823660.0,4763935714761.0
2024-10-01,"Wormhole (Shattered, Drifter and Thera)",2049725147.0,327377634295.0,349136093071.0
2024-10-01,Zarzakh,41830783505.0,2405554592.0,0.0
2024-11-01,High Sec,51361499009002.0,14758694060154.0,13521351922609.0
2024-11-01,Low Sec,23658338219260.0,12619109861628.0,3018193444397.0
2024-11-01,"Non-Universe (Void, Abyssal, CCP)",0.0,4952981160612.0,0.0
2024-11-01,Null Sec (NPC),1961559294401.0,3043290494339.0,1053805894661.0
2024-11-01,Null Sec (Sov),77891090381258.0,31805560388195.0,21252655368428.0
2024-11-01,Pochven,7788784630.0,3200659005247.0,139542583224.0
2024-11-01,Wormhole,6071397864319.0,7286543333673.0,5131018358084.0
2024-11-01,"Wormhole (Shattered, Drifter and Thera)",7655143907.0,408911274668.0,399506545622.0
2024-11-01,Zarzakh,124998190985.0,145741957519.0,0.0
2024-12-01,High Sec,49914275306592.0,10383663475418.0,13422697560250.0
2024-12-01,Low Sec,21570546201949.0,18064400282218.0,3034177702609.0
2024-12-01,"Non-Universe (Void, Abyssal, CCP)",0.0,4208966095939.0,0.0
2024-12-01,Null Sec (NPC),1831841468055.0,2666589790078.0,1239472353818.0
2024-12-01,Null Sec (Sov),91005961247108.0,24915633950919.0,22357720393325.0
2024-12-01,Pochven,19061088434.0,2036720906291.0,201182705303.0
2024-12-01,Wormhole,6497946201674.0,6751288105034.0,5115431386042.0
2024-12-01,"Wormhole (Shattered, Drifter and Thera)",8856917409.0,421575398850.0,430564590213.0
2024-12-01,Zarzakh,74225254368.0,64022301152.0,0.0
2025-01-01,High Sec,50106448508155.0,8287272626224.0,14913915286659.0
2025-01-01,Low Sec,18040132778474.0,16891617250933.0,3691292987208.0
2025-01-01,"Non-Universe (Void, Abyssal, CCP)",0.0,4643377967312.0,0.0
2025-01-01,Null Sec (NPC),2671498285460.0,2453325200137.0,1119264944894.0
2025-01-01,Null Sec (Sov),90875556385411.0,25708638831599.0,28948105926257.0
2025-01-01,Pochven,14910604379.0,2468210337747.0,310551200391.0
2025-01-01,Wormhole,6664593649566.0,7549959191216.0,5431113850677.0
2025-01-01,"Wormhole (Shattered, Drifter and Thera)",14787309107.0,499784688253.0,469956466427.0
2025-01-01,Zarzakh,57320033729.0,3728123865.0,0.0
2025-02-01,High Sec,45348439450650.0,8660702050633.0,13845648296937.0
2025-02-01,Low Sec,18131773830615.0,12859855109710.0,3708344597258.0
2025-02-01,"Non-Universe (Void, Abyssal, CCP)",0.0,4510504722841.0,0.0
2025-02-01,Null Sec (NPC),2203789378542.0,2638077925010.0,1225752264396.0
2025-02-01,Null Sec (Sov),88399453859334.0,23599691692770.0,27138636571632.0
2025-02-01,Pochven,22655079380.0,2840100941551.0,194076222039.0
2025-02-01,Wormhole,6294470184909.0,7683448271818.0,5114337978115.0
2025-02-01,"Wormhole (Shattered, Drifter and Thera)",3239625022.0,386298835648.0,384058827713.0
2025-02-01,Zarzakh,42620674299.0,12655798531.0,0.0
2025-03-01,High Sec,51008486010513.0,9940617478119.0,15184453969051.0
2025-03-01,Low Sec,18417026021693.0,15835428602286.0,3738278888219.0
2025-03-01,"Non-Universe (Void, Abyssal, CCP)",0.0,5066944618111.0,0.0
2025-03-01,Null Sec (NPC),2607796426910.0,3106680385240.0,1122673470079.0
2025-03-01,Null Sec (Sov),97386467487953.0,24830559015194.0,33939104530568.0
2025-03-01,Pochven,26522354031.0,2066223186039.0,113228224606.0
2025-03-01,Wormhole,6673071273776.0,9151241799542.0,5350565462711.0
2025-03-01,"Wormhole (Shattered, Drifter and Thera)",11944770504.0,596303408797.0,429525104940.0
2025-03-01,Zarzakh,51510198249.0,8764305062.0,0.0
2025-04-01,High Sec,49087915275870.0,9114204186599.0,15010465425543.0
2025-04-01,Low Sec,21631192139160.0,14058569429401.0,3617801324986.0
2025-04-01,"Non-Universe (Void, Abyssal, CCP)",0.0,4988466280714.0,0.0
2025-04-01,Null Sec (NPC),2024697824531.0,2341861515043.0,1031797026750.0
2025-04-01,Null Sec (Sov),98235878105947.0,26602085724536.0,33043819528571.0
2025-04-01,Pochven,13156223895.0,1923097565077.0,94925373718.0
2025-04-01,Wormhole,6773919159329.0,6669063322959.0,5408220507796.0
2025-04-01,"Wormhole (Shattered, Drifter and Thera)",765576415.0,897506516661.0,400483530267.0
2025-04-01,Zarzakh,72580200817.0,5001569630.0,0.0
2025-05-01,High Sec,54500035423490.0,10172197031002.0,15569294491846.0
2025-05-01,Low Sec,21115308554439.0,14273504167128.0,4008771393155.0
2025-05-01,"Non-Universe (Void, Abyssal, CCP)",0.0,5277055502215.0,0.0
2025-05-01,Null Sec (NPC),2012725733080.0,4114942412904.0,1028693842496.0
2025-05-01,Null Sec (Sov),112667985348400.0,24971663413071.0,31692831955593.0
2025-05-01,Pochven,15888840146.0,2974275056225.0,129832867289.0
2025-05-01,Wormhole,7396699359630.0,8091768499403.0,6123235857351.0
2025-05-01,"Wormhole (Shattered, Drifter and Thera)",2902321419.0,719585023566.0,496011740658.0
2025-05-01,Zarzakh,92305311743.0,2900128511.0,0.0
2025-06-01,High Sec,52012525725054.0,9880707169311.0,15513327870736.0
2025-06-01,Low Sec,26954713937859.0,17925480118598.0,3840028108361.0
2025-06-01,"Non-Universe (Void, Abyssal, CCP)",0.0,5094425773348.0,0.0
2025-06-01,Null Sec (NPC),2070950898707.0,3359351597018.0,1040822392384.0
2025-06-01,Null Sec (Sov),114864496956240.0,25299637297552.0,24982786746751.0
2025-06-01,Pochven,26658905304.0,2981857081622.0,172680399171.0
2025-06-01,Wormhole,8132519401037.0,7353137968625.0,5994209301778.0
2025-06-01,"Wormhole (Shattered, Drifter and Thera)",3195794833.0,395459760697.0,430216316072.0
2025-06-01,Zarzakh,49035158242.0,513515217.0,0.0
2025-07-01,High Sec,48264273639905.0,7710034918144.0,15624231585034.0
2025-07-01,Low Sec,27344719619305.0,15061831041638.0,4216908597817.0
2025-07-01,"Non-Universe (Void, Abyssal, CCP)",0.0,4419649345850.0,0.0
2025-07-01,Null Sec (NPC),2377844782852.0,2375205842002.0,1016479626085.0
2025-07-01,Null Sec (Sov),99405448161585.0,24417419011703.0,26165404560126.0
2025-07-01,Pochven,33625072861.0,2597350403166.0,204113255742.0
2025-07-01,Wormhole,6723618040059.0,6581509503465.0,5341940548112.0
2025-07-01,"Wormhole (Shattered, Drifter and Thera)",4205826396.0,357567013676.0,410441855118.0
2025-07-01,Zarzakh,92974150311.0,2114337349.0,0.0
2025-08-01,High Sec,48026712438252.0,7644706597890.0,15640313730179.0
2025-08-01,Low Sec,24265172098235.0,16999069252969.0,4596645361333.0
2025-08-01,"Non-Universe (Void, Abyssal, CCP)",0.0,4641353117606.0,0.0
2025-08-01,Null Sec (NPC),2675249324536.0,2719287649229.0,1253415008807.0
2025-08-01,Null Sec (Sov),95404032571461.0,26191312840663.0,28195532806266.0
2025-08-01,Pochven,26756717191.0,3115414620881.0,130722049924.0
2025-08-01,Wormhole,5914013070129.0,8277669476571.0,5367016863120.0
2025-08-01,"Wormhole (Shattered, Drifter and Thera)",17703946627.0,373581242897.0,461791698056.0
2025-08-01,Zarzakh,68132585245.0,14904264037.0,0.0
2025-09-01,High Sec,47087056657353.0,6746429037651.0,15285396117841.0
2025-09-01,Low Sec,23139832306158.0,12048651200586.0,4210022626238.0
2025-09-01,"Non-Universe (Void, Abyssal, CCP)",0.0,4438872403120.0,0.0
2025-09-01,Null Sec (NPC),2094671489527.0,3463995452522.0,1027832846249.0
2025-09-01,Null Sec (Sov),105835038593436.0,22970067381955.0,26940700718693.0
2025-09-01,Pochven,34627862445.0,3805227686053.0,97634428978.0
2025-09-01,Wormhole,5787319388131.0,6888286034575.0,5678243256507.0
2025-09-01,"Wormhole (Shattered, Drifter and Thera)",24308050759.0,367793460385.0,438413945345.0
2025-09-01,Zarzakh,231540097124.0,1295727555.0,0.0
2025-10-01,High Sec,47294694487823.0,11133098587636.0,15880270802993.0
2025-10-01,Low Sec,19547996888108.0,14438001060331.0,4098398267960.0
2025-10-01,"Non-Universe (Void, Abyssal, CCP)",0.0,2689043610821.0,0.0
2025-10-01,Null Sec (NPC),2485221662978.0,2582129730633.0,1107792129145.0
2025-10-01,Null Sec (Sov),104730105546972.0,21324420873263.0,27329199044143.0
2025-10-01,Pochven,19848930398.0,2773726463383.0,82190502282.0
2025-10-01,Wormhole,5294023964422.0,5773536044084.0,5243169066723.0
2025-10-01,"Wormhole (Shattered, Drifter and Thera)",5209864539.0,257991297102.0,415594000907.0
2025-10-01,Zarzakh,258389746071.0,2265362575.0,0.0
2025-11-01,High Sec,51636398204593.0,9882143403610.0,18123945681837.0
2025-11-01,Low Sec,22027125306380.0,15265116203516.0,5493870596611.0
2025-11-01,"Non-Universe (Void, Abyssal, CCP)",0.0,4660523923431.0,0.0
2025-11-01,Null Sec (NPC),2694139590804.0,3749356885943.0,1398120802527.0
2025-11-01,Null Sec (Sov),94644845307092.0,51434128733819.0,24817152898705.0
2025-11-01,Pochven,46972137898.0,3351651466488.0,104180158501.0
2025-11-01,Wormhole,5511605803673.0,6726250898495.0,5882348580473.0
2025-11-01,"Wormhole (Shattered, Drifter and Thera)",9374532744.0,396613767478.0,492556711556.0
2025-11-01,Zarzakh,248149573901.0,2434703439.0,0.0
2025-12-01,High Sec,59716347547899.0,9598550533856.0,21299539744459.0
2025-12-01,Low Sec,26408473635672.0,17441877104741.0,6726413011479.0
2025-12-01,"Non-Universe (Void, Abyssal, CCP)",0.0,5297166251893.0,0.0
2025-12-01,Null Sec (NPC),3104199042465.0,3089542638638.0,1851953478087.0
2025-12-01,Null Sec (Sov),123056790907462.0,28577852226860.0,37720709811230.0
2025-12-01,Pochven,43237321081.0,3735866905620.0,94068606787.0
2025-12-01,Wormhole,7105404980838.0,6592386711456.0,6441040152520.0
2025-12-01,"Wormhole (Shattered, Drifter and Thera)",11863256284.0,254451184396.0,494461153313.0
2025-12-01,Zarzakh,83562178741.0,1474173018.0,0.0
2026-01-01,High Sec,61503660323136.0,8788937526499.0,21491124243883.0
2026-01-01,Low Sec,23554376932400.0,14356372880396.0,6241395703840.0
2026-01-01,"Non-Universe (Void, Abyssal, CCP)",0.0,5581830465238.0,0.0
2026-01-01,Null Sec (NPC),2941823391257.0,3309992032348.0,1738865235460.0
2026-01-01,Null Sec (Sov),122027602530875.0,32694889912825.0,38441826500653.0
2026-01-01,Pochven,38248616341.0,3471154934097.0,65440091969.0
2026-01-01,Wormhole,6551910098498.0,7714345282625.0,6277064754347.0
2026-01-01,"Wormhole (Shattered, Drifter and Thera)",10409165336.0,438383832472.0,484656303277.0
2026-01-01,Zarzakh,91852312502.0,3286182273.0,0.0
2026-02-01,High Sec,53752297788014.0,8009408418721.0,18894161150346.0
2026-02-01,Low Sec,21700663798640.0,14332559587873.0,4462180426836.0
2026-02-01,"Non-Universe (Void, Abyssal, CCP)",0.0,4575082594102.0,0.0
2026-02-01,Null Sec (NPC),2116585141713.0,3408342782884.0,1294968337407.0
2026-02-01,Null Sec (Sov),106605787384075.0,31813126550243.0,33020630764076.0
2026-02-01,Pochven,34411782140.0,3286852341873.0,37047939918.0
2026-02-01,Wormhole,6281703086182.0,6377546413127.0,5790512488588.0
2026-02-01,"Wormhole (Shattered, Drifter and Thera)",6626282283.0,468378589020.0,494569233882.0
2026-02-01,Zarzakh,81156878534.0,5381393771.0,0.0
2026-03-01,High Sec,56374863706982.0,8290196833543.0,20682081789363.0
2026-03-01,Low Sec,25313459936417.0,14206489424251.0,4868588635447.0
2026-03-01,"Non-Universe (Void, Abyssal, CCP)",0.0,4936636507383.0,0.0
2026-03-01,Null Sec (NPC),2577428498918.0,3676164908153.0,1222397027943.0
2026-03-01,Null Sec (Sov),120993713330657.0,30466190537673.0,33529482078550.0
2026-03-01,Pochven,42556815268.0,3695642688349.0,27108016707.0
2026-03-01,Wormhole,6699409912252.0,7115112985198.0,6057846553810.0
2026-03-01,"Wormhole (Shattered, Drifter and Thera)",8508876094.0,424558521863.0,524536617751.0
2026-03-01,Zarzakh,138678250782.0,1257359351.0,0.0
2026-04-01,High Sec,52826804365376.0,9742184038655.0,20167352256172.0
2026-04-01,Low Sec,25517004598990.0,16056034410965.0,4336314680650.0
2026-04-01,"Non-Universe (Void, Abyssal, CCP)",0.0,5367487865040.0,0.0
2026-04-01,Null Sec (NPC),2487466236228.0,3761610418878.0,1075169646325.0
2026-04-01,Null Sec (Sov),114519245644898.0,42463150164265.0,23714856476014.0
2026-04-01,Pochven,19752167733.0,2967877160245.0,25970621199.0
2026-04-01,Wormhole,5819356628867.0,7091549359318.0,5383568518245.0
2026-04-01,"Wormhole (Shattered, Drifter and Thera)",11900849283.0,364027118831.0,451990832103.0
2026-04-01,Zarzakh,149443171372.0,1503068148.0,0.0
2026-05-01,High Sec,53520194055894.0,10863925488289.0,22307240305326.0
2026-05-01,Low Sec,24119061807501.0,14253073318769.0,5110537752206.0
2026-05-01,"Non-Universe (Void, Abyssal, CCP)",0.0,4797910163198.0,0.0
2026-05-01,Null Sec (NPC),2523412930098.0,3747681175373.0,1180274669413.0
2026-05-01,Null Sec (Sov),106290175400289.0,33258742987590.0,31612171868633.0
2026-05-01,Pochven,37782877662.0,4187764908860.0,69965758914.0
2026-05-01,Wormhole,6900595493769.0,8030124952835.0,5329190851591.0
2026-05-01,"Wormhole (Shattered, Drifter and Thera)",23343348242.0,519815224707.0,471264320586.0
2026-05-01,Zarzakh,107024299012.0,3654076052.0,0.0
2026-06-01,High Sec,54908861415822.0,11421025685742.0,22548133660776.0
2026-06-01,Low Sec,28677947797510.0,17494361068591.0,5234375777917.0
2026-06-01,"Non-Universe (Void, Abyssal, CCP)",0.0,5217664414982.0,0.0
2026-06-01,Null Sec (NPC),2427795290950.0,2994164720244.0,1052724858398.0
2026-06-01,Null Sec (Sov),103135159959283.0,27839636976011.0,34939019914377.0
2026-06-01,Pochven,25750569181.0,3310270592915.0,88647009226.0
2026-06-01,Wormhole,6203473160153.0,8027299371438.0,6728221415013.0
2026-06-01,"Wormhole (Shattered, Drifter and Thera)",8001300262.0,441715988186.0,543130201140.0
2026-06-01,Zarzakh,88544291201.0,3081577607.0,0.0
2026-07-01,High Sec,55619980683767.0,8423000221007.0,21737813138721.0
2026-07-01,Low Sec,30178917970450.0,17096425449924.0,4689759514957.0
2026-07-01,"Non-Universe (Void, Abyssal, CCP)",0.0,4440299231516.0,0.0
2026-07-01,Null Sec (NPC),2172826373085.0,2480793374217.0,897101768876.0
2026-07-01,Null Sec (Sov),110589761497472.0,28319754432717.0,32106013337798.0
2026-07-01,Pochven,22667205590.0,3642512315464.0,177102267957.0
2026-07-01,Wormhole,7268524831980.0,8027307034150.0,6721716362011.0
2026-07-01,"Wormhole (Shattered, Drifter and Thera)",9387565673.0,470594029023.0,567412514430.0
2026-07-01,Zarzakh,52811173138.0,1149766639.0,0.0
2026-08-01,High Sec,51182560264824.0,8401258823247.0,21543590953372.0
2026-08-01,Low Sec,29054758541420.0,15211643443369.0,4735279159935.0
2026-08-01,"Non-Universe (Void, Abyssal, CCP)",0.0,4593574844032.0,0.0
2026-08-01,Null Sec (NPC),2344101818536.0,2762458136271.0,1093359250159.0
2026-08-01,Null Sec (Sov),111402535730122.0,28974475412193.0,34379443842751.0
2026-08-01,Pochven,27860337967.0,4376441535793.0,48761253076.0
2026-08-01,Wormhole,7973650328735.0,7489324300812.0,6719414225476.0
2026-08-01,"Wormhole (Shattered, Drifter and Thera)",10199027751.0,475840884204.0,573872793668.0
2026-08-01,Zarzakh,71134438558.0,1530407279.0,0.0
