fact,value,detail
Players online at the same time (average),23787,""
Ships destroyed per day (average),16234,""
Battles with 100+ pilots,13983,""
Largest battle (pilots in one hour),4367,"4-HWWF, 2026-04-28"
Player corporations seen fighting,104786,""
Alliances seen fighting,3788,""
"Value destroyed per month (ISK, average)",69798138358194,""
"Value produced per month (ISK, average)",177115634296542,""
Solar systems on the map,5485,""
Years online,23,since 6 May 2003
Subscribers at the peak,500000,2013-02
Subscription and in-game revenue 2025 (USD),60834597,CCP audited accounts
