month,signups,engaged_new_players,engaged_share,active_month_3,retention_month_3,events
2024-01-01,93807,6949,0.0741,897,0.1291,
2024-02-01,79745,8391,0.1052,1169,0.1393,
2024-03-01,90002,10511,0.1168,1500,0.1427,
2024-04-01,84854,10006,0.1179,1341,0.1340,
2024-05-01,90433,10668,0.1180,1381,0.1295,
2024-06-01,115029,12765,0.1110,1626,0.1274,Equinox
2024-07-01,85453,9518,0.1114,1472,0.1547,
2024-08-01,87416,10152,0.1161,1533,0.1510,
2024-09-01,87113,9996,0.1147,1466,0.1467,
2024-10-01,92256,10701,0.1160,1548,0.1447,
2024-11-01,100109,11697,0.1168,1562,0.1335,Revenant
2024-12-01,88005,10897,0.1238,1605,0.1473,
2025-01-01,93543,11656,0.1246,1607,0.1379,
2025-02-01,83637,11403,0.1363,1637,0.1436,
2025-03-01,91094,13107,0.1439,1762,0.1344,
2025-04-01,81976,11522,0.1406,1685,0.1462,
2025-05-01,100371,12470,0.1242,1802,0.1445,Legion expansion launches
2025-06-01,84436,11822,0.1400,1602,0.1355,
2025-07-01,79667,10885,0.1366,1674,0.1538,"Omega pricing restructured ('Value Over FOMO: Omega, You, and Store Clean Up')"
2025-08-01,76691,10473,0.1366,1743,0.1664,
2025-09-01,71473,9446,0.1322,1615,0.1710,
2025-10-01,67801,10236,0.1510,1712,0.1673,
2025-11-01,81810,12395,0.1515,1939,0.1564,Catalyst expansion launches
2025-12-01,77336,11620,0.1503,1960,0.1687,
2026-01-01,78561,12221,0.1556,2234,0.1828,
2026-02-01,72959,14300,0.1960,1998,0.1397,
2026-03-01,76306,11866,0.1555,2029,0.1710,
2026-04-01,78931,12696,0.1608,1910,0.1504,Pearl Abyss board approves selling CCP Games to its management
2026-05-01,85230,11594,0.1360,1914,0.1651,Sale of CCP Games completed; CCP renamed Fenris Creations
2026-06-01,89726,13030,0.1452,0,,Cradle of War expansion launches
2026-07-01,82458,10370,0.1258,0,,
2026-08-01,84979,11406,0.1342,0,,
