month,horde_systems,horde_newcomers,horde_retention_month_3,other_alliances_retention_month_3
2024-01-01,260,97,0.1753,0.1861
2024-02-01,252,144,0.2222,0.1950
2024-03-01,252,279,0.2473,0.1869
2024-04-01,251,425,0.2329,0.1835
2024-05-01,251,416,0.1923,0.1859
2024-06-01,251,537,0.1750,0.1915
2024-07-01,251,341,0.2229,0.2301
2024-08-01,266,386,0.2409,0.2102
2024-09-01,274,358,0.1899,0.1981
2024-10-01,298,306,0.2418,0.2107
2024-11-01,525,339,0.2802,0.2143
2024-12-01,525,256,0.3203,0.2260
2025-01-01,525,343,0.2915,0.2125
2025-02-01,519,468,0.2350,0.2173
2025-03-01,532,528,0.1951,0.2152
2025-04-01,535,464,0.1810,0.1959
2025-05-01,536,531,0.2279,0.1894
2025-06-01,525,509,0.2004,0.1761
2025-07-01,473,401,0.2319,0.2054
2025-08-01,418,474,0.2215,0.2262
2025-09-01,416,318,0.2013,0.2296
2025-10-01,414,283,0.1802,0.2381
2025-11-01,414,401,0.0798,0.2241
2025-12-01,59,30,0.1000,0.2196
2026-01-01,11,0,,0.2537
2026-02-01,1,0,,0.2357
2026-03-01,1,0,,0.2551
2026-04-01,0,0,,0.2145
2026-05-01,0,0,,0.2358
2026-06-01,0,,,
2026-07-01,0,,,
2026-08-01,0,,,
