first_month,alliance,new_players,retention_month_3
2024-01-01,Other alliances,2063,0.1861
2024-01-01,Pandemic Horde,97,0.1753
2024-02-01,Other alliances,2543,0.1950
2024-02-01,Pandemic Horde,144,0.2222
2024-03-01,Other alliances,3612,0.1869
2024-03-01,Pandemic Horde,279,0.2473
2024-04-01,Other alliances,3188,0.1835
2024-04-01,Pandemic Horde,425,0.2329
2024-05-01,Other alliances,3615,0.1859
2024-05-01,Pandemic Horde,416,0.1923
2024-06-01,Other alliances,4115,0.1915
2024-06-01,Pandemic Horde,537,0.1750
2024-07-01,Other alliances,3173,0.2301
2024-07-01,Pandemic Horde,341,0.2229
2024-08-01,Other alliances,3644,0.2102
2024-08-01,Pandemic Horde,386,0.2409
2024-09-01,Other alliances,3246,0.1981
2024-09-01,Pandemic Horde,358,0.1899
2024-10-01,Other alliances,3407,0.2107
2024-10-01,Pandemic Horde,306,0.2418
2024-11-01,Other alliances,3733,0.2143
2024-11-01,Pandemic Horde,339,0.2802
2024-12-01,Other alliances,3266,0.2260
2024-12-01,Pandemic Horde,256,0.3203
2025-01-01,Other alliances,3327,0.2125
2025-01-01,Pandemic Horde,343,0.2915
2025-02-01,Other alliances,3184,0.2173
2025-02-01,Pandemic Horde,468,0.2350
2025-03-01,Other alliances,3769,0.2152
2025-03-01,Pandemic Horde,528,0.1951
2025-04-01,Other alliances,3977,0.1959
2025-04-01,Pandemic Horde,464,0.1810
2025-05-01,Other alliances,4245,0.1894
2025-05-01,Pandemic Horde,531,0.2279
2025-06-01,Other alliances,4538,0.1761
2025-06-01,Pandemic Horde,509,0.2004
2025-07-01,Other alliances,3783,0.2054
2025-07-01,Pandemic Horde,401,0.2319
2025-08-01,Other alliances,3545,0.2262
2025-08-01,Pandemic Horde,474,0.2215
2025-09-01,Other alliances,3353,0.2296
2025-09-01,Pandemic Horde,318,0.2013
2025-10-01,Other alliances,3843,0.2381
2025-10-01,Pandemic Horde,283,0.1802
2025-11-01,Other alliances,4557,0.2241
2025-11-01,Pandemic Horde,401,0.0798
2025-12-01,Other alliances,4591,0.2196
2025-12-01,Pandemic Horde,30,0.1000
2026-01-01,Other alliances,5030,0.2537
2026-02-01,Other alliances,4765,0.2357
2026-03-01,Other alliances,4450,0.2551
2026-04-01,Other alliances,5045,0.2145
2026-05-01,Other alliances,4534,0.2358
