month,isk_supply_month_end,isk_created,isk_removed
2024-01-01,2108372509798489.5,175585984855219.07,-107532193505599.63
2024-02-01,2080295343115787.2,151346741902927.37,-102193056416307.97
2024-03-01,2104723905881415.8,165062674951350.11,-110825908378282.04
2024-04-01,2165944085643747.0,164631928647964.02,-111607074773483.23
2024-05-01,2194379080530818.2,173761026756555.66,-118535964366125.91
2024-06-01,2241859554325491.0,171793091810675.69,-136240304855533.52
2024-07-01,2158155917746205.5,164629527556878.27,-108864500153112.10
2024-08-01,2190202247917184.2,162518337914402.67,-96721208132687.45
2024-09-01,2205498578950667.2,171324515474486.25,-91907485465598.10
2024-10-01,2335846193861180.5,170832828353173.14,-95927150145368.44
2024-11-01,2431751470963790.5,177322958368445.93,-113147477311022.42
2024-12-01,2439404181923467.0,193491387665503.53,-118797786461954.41
2025-01-01,2433115825039308.0,177795483302258.93,-116967605656384.49
2025-02-01,2403894148945632.0,157541786785922.31,-104793715477070.83
2025-03-01,2432625462869889.5,167860882564610.51,-125907873719815.00
2025-04-01,2472687474110837.5,151905256640466.20,-141193006804892.78
2025-05-01,2499172995216715.0,161304498235482.95,-146431363254957.25
2025-06-01,2510315231418874.0,146240050213629.57,-136766527476209.09
2025-07-01,2396920050479331.0,147387668391782.29,-124521954020200.02
2025-08-01,2379416492137358.0,153072686809733.33,-119811353293336.40
2025-09-01,2410293977946347.5,152742012643150.97,-108124467415210.26
2025-10-01,2473447777631736.5,170012540697424.56,-112279202744535.91
2025-11-01,2614498902596707.0,184663128490578.40,-160799764412662.59
2025-12-01,2593578292086669.5,193609014290813.39,-162071997937317.08
2026-01-01,2605359064020442.5,203600462120218.57,-136485183712624.54
2026-02-01,2579172825730072.0,165548180186539.45,-113915968773160.54
2026-03-01,2612939174795851.5,193377031149895.14,-116111997387256.92
2026-04-01,2692192140589566.5,165201640102779.52,-113436447192146.21
2026-05-01,2763684684387506.5,208331077628060.97,-124693892590534.51
2026-06-01,2908377752883101.5,196980913118229.38,-134058084308441.01
2026-07-01,2784514290375845.5,199775826119252.76,-121729539237247.30
2026-08-01,2954159309648729.0,203193189248501.76,-117156729268843.88
