kpi,value
New characters created (Jan 2024 - Aug 2026),2733207
New players who engaged (killmail or contract),356769
Share of new characters who engage,0.1305
Still active after 3 months (all new players),0.1488
Still active after 12 months (all new players),0.0824
Still active after 3 months (joined a corp and got a kill),0.2423
Still active after 3 months (fought in a war),0.2745
Still active after 3 months (neither),0.0905
"World of Warcraft, still active after 12 months",0.0824
CCP subscription and in-game revenue 2025 (USD),60834597
CCP subscription and in-game revenue 2024 (USD),55016700
