game,metric,value,unit,period,source
EVE Online,new_players_still_playing_after_7_days,0.1026,share of new sign-ups,2019,"Kotaku, quoting CCP at EVE North, Jun 2019"
World of Warcraft,peak_subscribers,12000000,paying subscribers,2010-10,"Activision Blizzard press release, Oct 2010 (Wayback copy; the live page does not respond)"
Star Wars: The Old Republic,peak_subscribers,1700000,paying subscribers,2012-02,"Game Informer, quoting EA earnings calls, Jul 2012"
EVE Online,peak_subscribers,500000,paying subscribers,2013-02,"Shacknews, quoting CCP, Feb 2013"
EverQuest,peak_subscribers,420000,paying subscribers,2004-03,"Sony Online Entertainment press release, Mar 2004"
World of Warcraft,retention_month_12,0.0824,share of cohort,2006-02 to 2007-12 cohorts,"WoWAH dataset (Lee et al. 2011), Parquet copy by V. Warmerdam (calmcode.io)"
F2P MMOs (SuperData),retention_month_12_launch_month_joiners,0.06,share of first-time players,2010-2015,"GamesBeat, quoting SuperData Research, Feb 2015"
Lost Ark,steam_all_time_peak_players,1324761,players,peak month 2022-02,"SteamCharts, from the Steam Web API"
New World,steam_all_time_peak_players,913027,players,peak month 2021-10,"SteamCharts, from the Steam Web API"
Throne and Liberty,steam_all_time_peak_players,333393,players,peak month 2024-10,"SteamCharts, from the Steam Web API"
Final Fantasy XIV,steam_all_time_peak_players,95102,players,peak month 2021-12,"SteamCharts, from the Steam Web API"
Black Desert,steam_all_time_peak_players,59917,players,peak month 2019-05,"SteamCharts, from the Steam Web API"
The Elder Scrolls Online,steam_all_time_peak_players,49061,players,peak month 2020-04,"SteamCharts, from the Steam Web API"
Albion Online,steam_all_time_peak_players,27208,players,peak month 2024-04,"SteamCharts, from the Steam Web API"
RuneScape,steam_all_time_peak_players,12508,players,peak month 2020-10,"SteamCharts, from the Steam Web API"
Guild Wars 2,steam_all_time_peak_players,10846,players,peak month 2025-11,"SteamCharts, from the Steam Web API"
EVE Online,steam_all_time_peak_players,10229,players,peak month 2020-11,"SteamCharts, from the Steam Web API"
Old School RuneScape,steam_all_time_peak_players,4884,players,peak month 2021-03,"SteamCharts, from the Steam Web API"
Black Desert,steam_share_of_peak_month_after_12_months,1.3356,share of peak-month average players,peak month 2019-05,"SteamCharts, from the Steam Web API"
Albion Online,steam_share_of_peak_month_after_12_months,1.0873,share of peak-month average players,peak month 2024-04,"SteamCharts, from the Steam Web API"
EVE Online,steam_share_of_peak_month_after_12_months,0.8443,share of peak-month average players,peak month 2020-11,"SteamCharts, from the Steam Web API"
The Elder Scrolls Online,steam_share_of_peak_month_after_12_months,0.8212,share of peak-month average players,peak month 2020-04,"SteamCharts, from the Steam Web API"
RuneScape,steam_share_of_peak_month_after_12_months,0.4661,share of peak-month average players,peak month 2020-10,"SteamCharts, from the Steam Web API"
Final Fantasy XIV,steam_share_of_peak_month_after_12_months,0.3433,share of peak-month average players,peak month 2021-12,"SteamCharts, from the Steam Web API"
Old School RuneScape,steam_share_of_peak_month_after_12_months,0.3289,share of peak-month average players,peak month 2021-03,"SteamCharts, from the Steam Web API"
Lost Ark,steam_share_of_peak_month_after_12_months,0.2406,share of peak-month average players,peak month 2022-02,"SteamCharts, from the Steam Web API"
Throne and Liberty,steam_share_of_peak_month_after_12_months,0.0912,share of peak-month average players,peak month 2024-10,"SteamCharts, from the Steam Web API"
New World,steam_share_of_peak_month_after_12_months,0.0847,share of peak-month average players,peak month 2021-10,"SteamCharts, from the Steam Web API"
