month,series,value,peak,source
2004-09-01,subscribers,50000,,"Gamasutra news round-up, reporting CCP's announcement, Sep 2004"
2006-02-01,subscribers,100000,,"CCP press release, Feb 2006"
2006-06-01,players_online,15959,26147,
2006-07-01,players_online,16175,26337,
2006-08-01,players_online,16846,29046,
2006-09-01,players_online,17404,30538,
2006-10-01,players_online,17679,28833,
2006-11-01,players_online,16574,29338,
2006-12-01,players_online,19944,33176,
2007-01-01,players_online,20204,34420,
2007-02-01,players_online,19106,32516,
2007-03-01,players_online,19894,33362,
2007-04-01,players_online,19774,32230,
2007-05-01,players_online,20063,32703,
2007-06-01,players_online,20264,34916,
2007-07-01,players_online,21688,35106,
2007-08-01,players_online,21413,35183,
2007-09-01,players_online,21931,37459,
2007-10-01,players_online,22177,37459,
2007-11-01,players_online,21702,37481,
2007-11-01,subscribers,200000,,"CCP news post, Nov 2007"
2007-12-01,players_online,23875,41690,
2008-01-01,players_online,25489,41481,
2008-02-01,players_online,23431,40879,
2008-03-01,players_online,25296,42711,
2008-04-01,players_online,24649,40778,
2008-05-01,players_online,23773,37637,
2008-06-01,players_online,24063,39251,
2008-07-01,players_online,25289,39520,
2008-08-01,players_online,25530,39166,
2008-09-01,players_online,23345,40423,
2008-10-01,players_online,23726,39617,
2008-11-01,players_online,23994,41392,
2008-12-01,players_online,26579,43697,
2009-01-01,players_online,28829,48065,
2009-02-01,players_online,29749,51675,
2009-03-01,players_online,31779,53850,
2009-04-01,players_online,31597,51040,
2009-05-01,players_online,32567,52200,
2009-05-01,subscribers,300000,,"CCP news post, May 2009"
2009-06-01,players_online,31370,51555,
2009-07-01,players_online,29296,46880,
2009-08-01,players_online,29760,49098,
2009-09-01,players_online,29836,50873,
2009-10-01,players_online,30144,50021,
2009-11-01,players_online,29178,48677,
2009-12-01,players_online,31510,54181,
2010-01-01,players_online,34133,56817,
2010-02-01,players_online,32953,56106,
2010-03-01,players_online,31932,52943,
2010-04-01,players_online,31402,50782,
2010-05-01,players_online,31455,55149,
2010-06-01,players_online,33932,60453,
2010-07-01,players_online,33046,55950,
2010-08-01,players_online,31187,50356,
2010-09-01,players_online,31232,52419,
2010-10-01,players_online,30504,49385,
2010-11-01,players_online,31470,53732,
2010-12-01,players_online,34287,57949,
2011-01-01,players_online,36825,63170,
2011-02-01,players_online,34588,60782,
2011-03-01,players_online,34273,57137,
2011-04-01,players_online,32137,54503,
2011-05-01,players_online,31153,53059,
2011-06-01,players_online,30262,56349,
2011-07-01,players_online,31300,51048,
2011-08-01,players_online,29778,49371,
2011-09-01,players_online,27718,48400,
2011-10-01,players_online,27959,47767,
2011-10-01,subscribers,400000,,"Engadget, quoting CCP's lead designer, Oct 2011"
2011-11-01,players_online,27061,46803,
2011-12-01,players_online,29307,51096,
2012-01-01,players_online,30583,50393,
2012-02-01,players_online,31049,52188,
2012-03-01,players_online,30896,52254,
2012-04-01,players_online,32254,52735,
2012-05-01,players_online,28738,50412,
2012-06-01,players_online,28963,47574,
2012-07-01,players_online,29550,48624,
2012-08-01,players_online,30005,50456,
2012-09-01,players_online,29557,49142,
2012-10-01,players_online,28063,48181,
2012-11-01,players_online,28254,47802,
2012-12-01,players_online,32560,54832,
2013-01-01,players_online,35034,57682,
2013-02-01,players_online,35493,59320,
2013-02-01,subscribers,500000,,"Shacknews, quoting CCP, Feb 2013"
2013-03-01,players_online,34847,60476,
2013-04-01,players_online,32578,55191,
2013-05-01,players_online,35351,65303,
2013-06-01,players_online,35321,61580,
2013-07-01,players_online,32203,54567,
2013-08-01,players_online,31550,52820,
2013-09-01,players_online,28927,49933,
2013-10-01,players_online,29295,51210,
2013-11-01,players_online,31391,54732,
2013-12-01,players_online,30644,52803,
2014-01-01,players_online,31400,52486,
2014-02-01,players_online,33785,57213,
2014-03-01,players_online,31307,53019,
2014-04-01,players_online,27159,46147,
2014-05-01,players_online,28876,47313,
2014-06-01,players_online,27837,45619,
2014-07-01,players_online,25810,43203,
2014-08-01,players_online,26460,44165,
2014-09-01,players_online,25300,44242,
2014-10-01,players_online,25490,43935,
2014-11-01,players_online,26826,46688,
2014-12-01,players_online,26877,45562,
2015-01-01,players_online,27764,45637,
2015-02-01,players_online,25087,43970,
2015-03-01,players_online,25203,43196,
2015-04-01,players_online,24350,40007,
2015-05-01,players_online,24281,40321,
2015-06-01,players_online,21685,37354,
2015-07-01,players_online,20493,34753,
2015-08-01,players_online,20927,34546,
2015-09-01,players_online,20430,34517,
2015-10-01,players_online,20901,36085,
2015-11-01,players_online,20192,36662,
2015-12-01,players_online,21271,36549,
2016-01-01,players_online,23548,38580,
2016-02-01,players_online,22648,39128,
2016-03-01,players_online,22922,38041,
2016-04-01,players_online,23843,40913,
2016-05-01,players_online,24968,41748,
2016-06-01,players_online,22469,38024,
2016-07-01,players_online,20391,33562,
2016-08-01,players_online,19361,32387,
2016-09-01,players_online,20188,34354,
2016-10-01,players_online,21045,35231,
2016-11-01,players_online,25605,51082,
2016-12-01,players_online,30219,50597,
2017-01-01,players_online,29437,47713,
2017-02-01,players_online,27720,46134,
2017-03-01,players_online,26661,44351,
2017-04-01,players_online,25603,40956,
2017-05-01,players_online,24875,39965,
2017-06-01,players_online,22953,37835,
2017-07-01,players_online,21379,33345,
2017-08-01,players_online,20858,33500,
2017-09-01,players_online,22244,36809,
2017-10-01,players_online,23655,40939,
2017-11-01,players_online,24741,40403,
2017-12-01,players_online,25177,41184,
2018-01-01,players_online,25222,39944,
2018-02-01,players_online,24447,39141,
2018-03-01,players_online,24298,38708,
2018-04-01,players_online,24271,39996,
2018-05-01,players_online,23892,39127,
2018-06-01,players_online,23319,37873,
2018-07-01,players_online,22672,34715,
2018-08-01,players_online,22874,36019,
2018-09-01,players_online,23213,38053,
2018-10-01,players_online,23953,37447,
2018-11-01,players_online,24298,38648,
2018-12-01,players_online,24567,38007,
2019-01-01,players_online,24750,37965,
2019-02-01,players_online,23266,37485,
2019-03-01,players_online,22959,36358,
2019-04-01,players_online,21845,33453,
2019-05-01,players_online,23211,37389,
2019-06-01,players_online,21264,33269,
2019-07-01,players_online,20637,32530,
2019-08-01,players_online,19741,30864,
2019-09-01,players_online,17368,28089,
2019-10-01,players_online,19336,31057,
2019-11-01,players_online,21076,31816,
2019-12-01,players_online,22213,32217,
2020-01-01,players_online,22572,36478,
2020-02-01,players_online,21803,35282,
2020-03-01,players_online,23857,37968,
2020-04-01,players_online,28714,40957,
2020-05-01,players_online,27484,41562,
2020-06-01,players_online,25617,38738,
2020-07-01,players_online,24982,38951,
2020-08-01,players_online,24678,38299,
2020-09-01,players_online,24449,37097,
2020-10-01,players_online,25447,40359,
2020-11-01,players_online,24822,37695,
2020-12-01,players_online,23003,33264,
2021-01-01,players_online,25149,39667,
2021-02-01,players_online,24536,38167,
2021-03-01,players_online,24208,36319,
2021-04-01,players_online,24028,35597,
2021-05-01,players_online,23203,33758,
2021-06-01,players_online,19525,29251,
2021-07-01,players_online,17815,26259,
2021-08-01,players_online,20796,29953,
2021-09-01,players_online,20578,31630,
2021-10-01,players_online,19968,31148,
2021-11-01,players_online,20143,30665,
2021-12-01,players_online,20631,30646,
2022-01-01,players_online,22349,35479,
2022-02-01,players_online,20830,31822,
2022-03-01,players_online,19002,28129,
2022-04-01,players_online,19732,29098,
2022-05-01,players_online,19440,28367,
2022-06-01,players_online,18061,26769,
2022-07-01,players_online,17127,25369,
2022-08-01,players_online,16488,24031,
2022-09-01,players_online,16063,24567,
2022-10-01,players_online,16430,24784,
2022-11-01,players_online,19458,30718,
2022-12-01,players_online,19036,28728,
2023-01-01,players_online,19540,29916,
2023-02-01,players_online,19593,29478,
2023-03-01,players_online,19955,31329,
2023-04-01,players_online,19566,29404,
2023-05-01,players_online,20383,31185,
2023-06-01,players_online,19835,29461,
2023-07-01,players_online,19237,27665,
2023-08-01,players_online,19577,29062,
2023-09-01,players_online,19238,28956,
2023-10-01,players_online,21750,32200,
2023-11-01,players_online,24225,40165,
2023-12-01,players_online,24141,35761,
2024-01-01,players_online,24102,35519,
2024-02-01,players_online,22973,34698,
2024-03-01,players_online,23313,33392,
2024-04-01,players_online,23280,33504,
2024-05-01,players_online,24254,34398,
2024-06-01,players_online,24706,36918,
2024-07-01,players_online,21791,31376,
2024-08-01,players_online,21327,31122,
2024-09-01,players_online,21584,30879,
2024-10-01,players_online,23147,36015,
2024-11-01,players_online,24700,37448,
2024-12-01,players_online,24051,34382,
2025-01-01,players_online,23243,34449,
2025-02-01,players_online,22768,33509,
2025-03-01,players_online,23280,34498,
2025-04-01,players_online,23431,35188,
2025-05-01,players_online,24050,36328,
2025-06-01,players_online,23912,38151,
2025-07-01,players_online,21630,31400,
2025-08-01,players_online,21610,31969,
2025-09-01,players_online,21582,30978,
2025-10-01,players_online,22585,33518,
2025-11-01,players_online,26286,41322,
2025-12-01,players_online,27209,38732,
2026-01-01,players_online,26801,38840,
2026-02-01,players_online,24686,36646,
2026-03-01,players_online,24530,36124,
2026-04-01,players_online,25198,38605,
2026-05-01,players_online,26245,37120,
2026-06-01,players_online,25671,38043,
2026-07-01,players_online,23680,32978,
2026-08-01,players_online,23556,33658,
