month,plex_avg_price_isk,plex_volume
2024-01-01,4837892,33202324
2024-02-01,4931560,33623797
2024-03-01,4876019,34572658
2024-04-01,4985038,33432539
2024-05-01,4998639,36550303
2024-06-01,5040431,39318783
2024-07-01,5125972,30893634
2024-08-01,5223033,33510075
2024-09-01,5368809,32898814
2024-10-01,5636017,33314492
2024-11-01,5730938,35855927
2024-12-01,6089745,44117452
2025-01-01,6025360,38822130
2025-02-01,6072006,35134438
2025-03-01,5984365,36637052
2025-04-01,6270851,39416689
2025-05-01,6191478,39547005
2025-06-01,6097983,33053744
2025-07-01,5910389,34127470
2025-08-01,5528795,35279573
2025-09-01,5350319,29125196
2025-10-01,5244135,32208235
2025-11-01,5002379,45554961
2025-12-01,4714441,48433148
2026-01-01,4587064,38185308
2026-02-01,4321129,36101966
2026-03-01,4298435,31858183
2026-04-01,4708848,43747221
2026-05-01,4620284,38550103
2026-06-01,4640142,43090714
2026-07-01,4501747,32284262
2026-08-01,4581707,30118499
