segment,k,players,active,retention,game
All new players,0,356769,356769,1.0000,EVE Online
All new players,1,345363,105443,0.3053,EVE Online
All new players,2,334993,63732,0.1902,EVE Online
All new players,3,321963,47923,0.1488,EVE Online
All new players,4,310369,39090,0.1259,EVE Online
All new players,5,297673,33777,0.1135,EVE Online
All new players,6,285807,30217,0.1057,EVE Online
All new players,7,271507,26943,0.0992,EVE Online
All new players,8,259286,24096,0.0929,EVE Online
All new players,9,247666,22044,0.0890,EVE Online
All new players,10,235271,20294,0.0863,EVE Online
All new players,11,225035,18788,0.0835,EVE Online
All new players,12,215589,17757,0.0824,EVE Online
Did not lose a ship,0,41673,41673,1.0000,EVE Online
Did not lose a ship,1,40180,12534,0.3119,EVE Online
Did not lose a ship,2,38847,8244,0.2122,EVE Online
Did not lose a ship,3,37162,6479,0.1743,EVE Online
Did not lose a ship,4,35724,5458,0.1528,EVE Online
Did not lose a ship,5,34213,4774,0.1395,EVE Online
Did not lose a ship,6,32794,4414,0.1346,EVE Online
Did not lose a ship,7,31422,3879,0.1234,EVE Online
Did not lose a ship,8,29879,3351,0.1122,EVE Online
Did not lose a ship,9,28382,3114,0.1097,EVE Online
Did not lose a ship,10,26879,2873,0.1069,EVE Online
Did not lose a ship,11,25629,2566,0.1001,EVE Online
Did not lose a ship,12,24579,2403,0.0978,EVE Online
Flew an Omega-only ship,0,50808,50808,1.0000,EVE Online
Flew an Omega-only ship,1,48930,21603,0.4415,EVE Online
Flew an Omega-only ship,2,47207,14869,0.3150,EVE Online
Flew an Omega-only ship,3,45053,11806,0.2620,EVE Online
Flew an Omega-only ship,4,43256,9868,0.2281,EVE Online
Flew an Omega-only ship,5,41425,8765,0.2116,EVE Online
Flew an Omega-only ship,6,39767,8060,0.2027,EVE Online
Flew an Omega-only ship,7,38043,7064,0.1857,EVE Online
Flew an Omega-only ship,8,36108,6313,0.1748,EVE Online
Flew an Omega-only ship,9,34217,5764,0.1685,EVE Online
Flew an Omega-only ship,10,32268,5348,0.1657,EVE Online
Flew an Omega-only ship,11,30626,4912,0.1604,EVE Online
Flew an Omega-only ship,12,29190,4579,0.1569,EVE Online
Fought in a skirmish (50-99),0,12227,12227,1.0000,EVE Online
Fought in a skirmish (50-99),1,11855,5389,0.4546,EVE Online
Fought in a skirmish (50-99),2,11459,3597,0.3139,EVE Online
Fought in a skirmish (50-99),3,10933,2812,0.2572,EVE Online
Fought in a skirmish (50-99),4,10416,2268,0.2177,EVE Online
Fought in a skirmish (50-99),5,10079,2066,0.2050,EVE Online
Fought in a skirmish (50-99),6,9649,1916,0.1986,EVE Online
Fought in a skirmish (50-99),7,9274,1637,0.1765,EVE Online
Fought in a skirmish (50-99),8,8773,1318,0.1502,EVE Online
Fought in a skirmish (50-99),9,8399,1250,0.1488,EVE Online
Fought in a skirmish (50-99),10,8032,1147,0.1428,EVE Online
Fought in a skirmish (50-99),11,7630,1099,0.1440,EVE Online
Fought in a skirmish (50-99),12,7340,944,0.1286,EVE Online
Fought in a war (100+ pilots),0,18399,18399,1.0000,EVE Online
Fought in a war (100+ pilots),1,17687,8158,0.4612,EVE Online
Fought in a war (100+ pilots),2,17127,5617,0.3280,EVE Online
Fought in a war (100+ pilots),3,15987,4389,0.2745,EVE Online
Fought in a war (100+ pilots),4,15314,3688,0.2408,EVE Online
Fought in a war (100+ pilots),5,14162,3011,0.2126,EVE Online
Fought in a war (100+ pilots),6,13678,2798,0.2046,EVE Online
Fought in a war (100+ pilots),7,12747,2544,0.1996,EVE Online
Fought in a war (100+ pilots),8,12219,2186,0.1789,EVE Online
Fought in a war (100+ pilots),9,11855,2104,0.1775,EVE Online
Fought in a war (100+ pilots),10,11181,1908,0.1706,EVE Online
Fought in a war (100+ pilots),11,10648,1688,0.1585,EVE Online
Fought in a war (100+ pilots),12,10210,1640,0.1606,EVE Online
Got a kill only,0,10980,10980,1.0000,EVE Online
Got a kill only,1,10633,3573,0.3360,EVE Online
Got a kill only,2,10316,2032,0.1970,EVE Online
Got a kill only,3,9895,1520,0.1536,EVE Online
Got a kill only,4,9531,1308,0.1372,EVE Online
Got a kill only,5,9244,1147,0.1241,EVE Online
Got a kill only,6,8945,1099,0.1229,EVE Online
Got a kill only,7,8653,957,0.1106,EVE Online
Got a kill only,8,8312,886,0.1066,EVE Online
Got a kill only,9,8016,829,0.1034,EVE Online
Got a kill only,10,7660,773,0.1009,EVE Online
Got a kill only,11,7393,718,0.0971,EVE Online
Got a kill only,12,7071,698,0.0987,EVE Online
Joined a corp and got a kill,0,70733,70733,1.0000,EVE Online
Joined a corp and got a kill,1,68502,29543,0.4313,EVE Online
Joined a corp and got a kill,2,66515,19876,0.2988,EVE Online
Joined a corp and got a kill,3,63752,15445,0.2423,EVE Online
Joined a corp and got a kill,4,61540,12731,0.2069,EVE Online
Joined a corp and got a kill,5,59068,11119,0.1882,EVE Online
Joined a corp and got a kill,6,57026,9909,0.1738,EVE Online
Joined a corp and got a kill,7,55051,8883,0.1614,EVE Online
Joined a corp and got a kill,8,52913,7772,0.1469,EVE Online
Joined a corp and got a kill,9,50949,7185,0.1410,EVE Online
Joined a corp and got a kill,10,48979,6558,0.1339,EVE Online
Joined a corp and got a kill,11,47229,5980,0.1266,EVE Online
Joined a corp and got a kill,12,45729,5532,0.1210,EVE Online
Joined a corp only,0,159326,159326,1.0000,EVE Online
Joined a corp only,1,153946,47263,0.3070,EVE Online
Joined a corp only,2,149009,28541,0.1915,EVE Online
Joined a corp only,3,142903,21414,0.1498,EVE Online
Joined a corp only,4,137450,17534,0.1276,EVE Online
Joined a corp only,5,131449,15164,0.1154,EVE Online
Joined a corp only,6,125635,13696,0.1090,EVE Online
Joined a corp only,7,119504,12145,0.1016,EVE Online
Joined a corp only,8,113655,10985,0.0967,EVE Online
Joined a corp only,9,108065,10014,0.0927,EVE Online
Joined a corp only,10,101898,9119,0.0895,EVE Online
Joined a corp only,11,96968,8449,0.0871,EVE Online
Joined a corp only,12,92520,8035,0.0868,EVE Online
Lost a ship,0,315096,315096,1.0000,EVE Online
Lost a ship,1,305183,92909,0.3044,EVE Online
Lost a ship,2,296146,55488,0.1874,EVE Online
Lost a ship,3,284801,41444,0.1455,EVE Online
Lost a ship,4,274645,33632,0.1225,EVE Online
Lost a ship,5,263460,29003,0.1101,EVE Online
Lost a ship,6,253013,25803,0.1020,EVE Online
Lost a ship,7,240085,23064,0.0961,EVE Online
Lost a ship,8,229407,20745,0.0904,EVE Online
Lost a ship,9,219284,18930,0.0863,EVE Online
Lost a ship,10,208392,17421,0.0836,EVE Online
Lost a ship,11,199406,16222,0.0814,EVE Online
Lost a ship,12,191010,15354,0.0804,EVE Online
Neither,0,115730,115730,1.0000,EVE Online
Neither,1,112282,25064,0.2232,EVE Online
Neither,2,109153,13283,0.1217,EVE Online
Neither,3,105413,9544,0.0905,EVE Online
Neither,4,101848,7517,0.0738,EVE Online
Neither,5,97912,6347,0.0648,EVE Online
Neither,6,94201,5513,0.0585,EVE Online
Neither,7,88299,4958,0.0562,EVE Online
Neither,8,84406,4453,0.0528,EVE Online
Neither,9,80636,4016,0.0498,EVE Online
Neither,10,76734,3844,0.0501,EVE Online
Neither,11,73445,3641,0.0496,EVE Online
Neither,12,70269,3492,0.0497,EVE Online
No battle,0,326143,326143,1.0000,EVE Online
No battle,1,315821,91896,0.2910,EVE Online
No battle,2,306407,54518,0.1779,EVE Online
No battle,3,295043,40722,0.1380,EVE Online
No battle,4,284639,33134,0.1164,EVE Online
No battle,5,273432,28700,0.1050,EVE Online
No battle,6,262480,25503,0.0972,EVE Online
No battle,7,249486,22762,0.0912,EVE Online
No battle,8,238294,20592,0.0864,EVE Online
No battle,9,227412,18690,0.0822,EVE Online
No battle,10,216058,17239,0.0798,EVE Online
No battle,11,206757,16001,0.0774,EVE Online
No battle,12,198039,15173,0.0766,EVE Online
No Omega-only ship,0,305961,305961,1.0000,EVE Online
No Omega-only ship,1,296433,83840,0.2828,EVE Online
No Omega-only ship,2,287786,48863,0.1698,EVE Online
No Omega-only ship,3,276910,36117,0.1304,EVE Online
No Omega-only ship,4,267113,29222,0.1094,EVE Online
No Omega-only ship,5,256248,25012,0.0976,EVE Online
No Omega-only ship,6,246040,22157,0.0901,EVE Online
No Omega-only ship,7,233464,19879,0.0851,EVE Online
No Omega-only ship,8,223178,17783,0.0797,EVE Online
No Omega-only ship,9,213449,16280,0.0763,EVE Online
No Omega-only ship,10,203003,14946,0.0736,EVE Online
No Omega-only ship,11,194409,13876,0.0714,EVE Online
No Omega-only ship,12,186399,13178,0.0707,EVE Online
World of Warcraft (2006-07),1,,,0.2818,World of Warcraft
World of Warcraft (2006-07),2,,,0.1902,World of Warcraft
World of Warcraft (2006-07),3,,,0.156,World of Warcraft
World of Warcraft (2006-07),6,,,0.113,World of Warcraft
World of Warcraft (2006-07),12,,,0.0824,World of Warcraft
