month,returners,active,returner_share,expansion
2024-05-01,3031,118755,0.0255,
2024-06-01,4778,121961,0.0392,Equinox
2024-07-01,5266,107970,0.0488,
2024-08-01,6634,107367,0.0618,
2024-09-01,7817,105752,0.0739,
2024-10-01,11219,114726,0.0978,
2024-11-01,12513,121517,0.1030,Revenant
2024-12-01,11251,114795,0.0980,
2025-01-01,10924,114588,0.0953,
2025-02-01,10415,110691,0.0941,
2025-03-01,13381,120519,0.1110,
2025-04-01,13729,118574,0.1158,
2025-05-01,15047,124662,0.1207,Legion expansion launches
2025-06-01,15317,126610,0.1210,
2025-07-01,12229,113433,0.1078,
2025-08-01,12506,112108,0.1116,
2025-09-01,12620,108077,0.1168,
2025-10-01,17281,117931,0.1465,
2025-11-01,23311,135553,0.1720,Catalyst expansion launches
2025-12-01,17241,127009,0.1357,
2026-01-01,15678,128151,0.1223,
2026-02-01,14184,125664,0.1129,
2026-03-01,14969,122115,0.1226,
2026-04-01,19331,131665,0.1468,
2026-05-01,18050,127101,0.1420,
2026-06-01,16636,125540,0.1325,Cradle of War expansion launches
2026-07-01,14241,116923,0.1218,
2026-08-01,16759,120647,0.1389,
