quarter_start,eve_revenue_krw,eve_revenue_usd,mrr_usd,krw_per_usd
2022-10-01,17300000000,12726430,4242143,1359.38
2023-01-01,16900000000,13241038,4413679,1276.34
2023-04-01,20200000000,15353251,5117750,1315.68
2023-07-01,16000000000,12184096,4061365,1313.19
2023-10-01,19900000000,15054701,5018234,1321.85
2024-01-01,18000000000,13537771,4512590,1329.61
2024-04-01,21600000000,15764825,5254942,1370.14
2024-07-01,20500000000,15123785,5041262,1355.48
2024-10-01,22000000000,15729248,5243083,1398.67
2025-01-01,20500000000,14118402,4706134,1452.01
2025-04-01,24200000000,17287900,5762633,1399.82
2025-07-01,20800000000,14996986,4998995,1386.95
2025-10-01,27300000000,18843646,6281215,1448.76
