month,players_online_avg,players_online_peak,outage_minutes,twitch_hours_watched,twitch_peak_viewers,steam_avg_players,search_interest,steam_reviews,steam_positive_share,forum_posts_pricing,forum_posts_new_players,forum_posts_ownership
2024-01-01,24102,35519,0,515600.0,5000.0,3351.43,73.3,236,0.7331,136,164,0
2024-02-01,22973,34698,0,592100.0,4200.0,2882.44,68.0,211,0.7678,32,58,0
2024-03-01,23313,33392,0,606500.0,4900.0,2880.11,67.8,238,0.7143,112,53,0
2024-04-01,23280,33504,0,765700.0,7700.0,3051.46,77.5,202,0.7871,69,63,0
2024-05-01,24254,34398,0,1500000.0,8400.0,3305.52,70.5,218,0.7523,76,62,0
2024-06-01,24706,36918,0,994000.0,7100.0,3437.44,65.6,280,0.6714,165,108,0
2024-07-01,21791,31376,0,772700.0,4000.0,2882.82,60.3,261,0.6207,146,90,0
2024-08-01,21327,31122,30,664300.0,8300.0,2938.30,67.5,217,0.6912,63,72,0
2024-09-01,21584,30879,0,684200.0,6200.0,2961.31,63.4,244,0.6680,32,413,0
2024-10-01,23147,36015,0,1200000.0,11600.0,3239.69,59.5,231,0.7359,200,142,13
2024-11-01,24700,37448,30,927300.0,8700.0,3502.16,69.5,316,0.7532,103,51,0
2024-12-01,24051,34382,0,809000.0,3300.0,3331.19,62.8,265,0.7358,200,91,0
2025-01-01,23243,34449,90,635000.0,5200.0,3264.83,54.5,215,0.6233,179,57,1
2025-02-01,22768,33509,0,576600.0,7600.0,3406.91,66.3,216,0.6435,365,55,0
2025-03-01,23280,34498,0,656600.0,5200.0,3371.62,74.6,216,0.6389,42,110,0
2025-04-01,23431,35188,0,708800.0,4600.0,3492.92,68.0,233,0.7296,95,87,0
2025-05-01,24050,36328,0,996500.0,20400.0,3724.00,66.8,219,0.6530,143,173,0
2025-06-01,23912,38151,0,720900.0,4100.0,3949.82,79.0,255,0.6510,91,107,109
2025-07-01,21630,31400,60,987300.0,9100.0,3369.42,60.8,236,0.6483,162,38,0
2025-08-01,21610,31969,0,661700.0,10000.0,3250.83,68.0,208,0.6779,250,207,0
2025-09-01,21582,30978,0,607800.0,7200.0,3125.19,66.8,213,0.6432,266,177,1
2025-10-01,22585,33518,0,856100.0,8400.0,3233.73,74.3,213,0.6854,191,93,0
2025-11-01,26286,41322,0,767800.0,6100.0,3840.03,91.8,377,0.7215,44,40,0
2025-12-01,27209,38732,0,777300.0,6100.0,4020.12,81.0,236,0.7415,185,65,0
2026-01-01,26801,38840,0,869100.0,5600.0,4126.60,63.8,222,0.7658,53,130,0
2026-02-01,24686,36646,0,571300.0,4000.0,4043.71,59.0,219,0.7260,447,37,0
2026-03-01,24530,36124,2400,641600.0,4800.0,3947.40,64.4,220,0.6636,202,192,0
2026-04-01,25198,38605,0,749900.0,5000.0,4125.68,78.0,202,0.6980,33,360,12
2026-05-01,26245,37120,120,886300.0,19300.0,4373.88,74.6,253,0.6917,81,99,215
2026-06-01,25671,38043,0,634700.0,3500.0,4290.68,82.3,224,0.6161,47,100,71
2026-07-01,23680,32978,120,796900.0,3600.0,3978.19,64.5,224,0.6161,10,11,76
2026-08-01,23556,33658,0,738000.0,7400.0,4042.04,62.4,266,0.7068,28,18,54
