month,alliance,systems_held
2024-01-01,Other,1167
2024-01-01,Pandemic Horde,260
2024-01-01,Pan-Intergalatic Business Community,254
2024-01-01,Northern Coalition.,208
2024-01-01,Fraternity.,163
2024-01-01,The Initiative.,122
2024-01-01,Goonswarm Federation,117
2024-01-01,Dracarys.,116
2024-01-01,Solyaris Chtonium,82
2024-01-01,Sigma Grindset,74
2024-01-01,Siberian Squads,43
2024-01-01,Brave Collective,21
2024-01-01,Fanatic Legion.,14
2024-02-01,Other,1189
2024-02-01,Pan-Intergalatic Business Community,254
2024-02-01,Pandemic Horde,252
2024-02-01,Northern Coalition.,206
2024-02-01,Fraternity.,172
2024-02-01,The Initiative.,122
2024-02-01,Goonswarm Federation,117
2024-02-01,Dracarys.,111
2024-02-01,Solyaris Chtonium,82
2024-02-01,Sigma Grindset,74
2024-02-01,Siberian Squads,43
2024-02-01,Brave Collective,19
2024-02-01,Fanatic Legion.,14
2024-03-01,Other,1199
2024-03-01,Pan-Intergalatic Business Community,254
2024-03-01,Pandemic Horde,252
2024-03-01,Northern Coalition.,205
2024-03-01,Fraternity.,175
2024-03-01,The Initiative.,121
2024-03-01,Goonswarm Federation,116
2024-03-01,Dracarys.,100
2024-03-01,Solyaris Chtonium,82
2024-03-01,Sigma Grindset,76
2024-03-01,Siberian Squads,43
2024-03-01,Fanatic Legion.,23
2024-03-01,Brave Collective,19
2024-04-01,Other,1218
2024-04-01,Pan-Intergalatic Business Community,254
2024-04-01,Pandemic Horde,251
2024-04-01,Northern Coalition.,200
2024-04-01,Fraternity.,175
2024-04-01,The Initiative.,122
2024-04-01,Goonswarm Federation,117
2024-04-01,Dracarys.,99
2024-04-01,Solyaris Chtonium,82
2024-04-01,Sigma Grindset,76
2024-04-01,Siberian Squads,43
2024-04-01,Fanatic Legion.,27
2024-04-01,Brave Collective,20
2024-05-01,Other,1228
2024-05-01,Pan-Intergalatic Business Community,254
2024-05-01,Pandemic Horde,251
2024-05-01,Northern Coalition.,200
2024-05-01,Fraternity.,169
2024-05-01,Goonswarm Federation,124
2024-05-01,The Initiative.,121
2024-05-01,Dracarys.,94
2024-05-01,Solyaris Chtonium,82
2024-05-01,Sigma Grindset,76
2024-05-01,Siberian Squads,49
2024-05-01,Fanatic Legion.,27
2024-05-01,Brave Collective,20
2024-06-01,Other,1209
2024-06-01,Pan-Intergalatic Business Community,254
2024-06-01,Pandemic Horde,251
2024-06-01,Northern Coalition.,200
2024-06-01,Fraternity.,169
2024-06-01,Goonswarm Federation,124
2024-06-01,The Initiative.,121
2024-06-01,Dracarys.,94
2024-06-01,Solyaris Chtonium,86
2024-06-01,Sigma Grindset,76
2024-06-01,Siberian Squads,49
2024-06-01,Fanatic Legion.,27
2024-06-01,Brave Collective,20
2024-07-01,Other,1200
2024-07-01,Pan-Intergalatic Business Community,254
2024-07-01,Pandemic Horde,251
2024-07-01,Northern Coalition.,201
2024-07-01,Fraternity.,171
2024-07-01,Goonswarm Federation,124
2024-07-01,The Initiative.,121
2024-07-01,Dracarys.,93
2024-07-01,Solyaris Chtonium,86
2024-07-01,Sigma Grindset,76
2024-07-01,Siberian Squads,48
2024-07-01,Fanatic Legion.,30
2024-07-01,Brave Collective,19
2024-08-01,Other,1185
2024-08-01,Pandemic Horde,266
2024-08-01,Pan-Intergalatic Business Community,250
2024-08-01,Northern Coalition.,201
2024-08-01,Fraternity.,174
2024-08-01,Goonswarm Federation,125
2024-08-01,The Initiative.,121
2024-08-01,Solyaris Chtonium,87
2024-08-01,Dracarys.,82
2024-08-01,Sigma Grindset,76
2024-08-01,Siberian Squads,49
2024-08-01,Fanatic Legion.,30
2024-08-01,Brave Collective,19
2024-09-01,Other,1090
2024-09-01,Pandemic Horde,274
2024-09-01,Goonswarm Federation,238
2024-09-01,Pan-Intergalatic Business Community,231
2024-09-01,Northern Coalition.,194
2024-09-01,Fraternity.,187
2024-09-01,The Initiative.,124
2024-09-01,Solyaris Chtonium,87
2024-09-01,Dracarys.,79
2024-09-01,Sigma Grindset,75
2024-09-01,Siberian Squads,49
2024-09-01,Fanatic Legion.,38
2024-09-01,Brave Collective,18
2024-10-01,Other,989
2024-10-01,Goonswarm Federation,317
2024-10-01,Pandemic Horde,298
2024-10-01,Fraternity.,228
2024-10-01,Pan-Intergalatic Business Community,207
2024-10-01,Northern Coalition.,193
2024-10-01,The Initiative.,121
2024-10-01,Solyaris Chtonium,89
2024-10-01,Dracarys.,77
2024-10-01,Sigma Grindset,75
2024-10-01,Siberian Squads,49
2024-10-01,Fanatic Legion.,39
2024-10-01,Brave Collective,18
2024-11-01,Other,828
2024-11-01,Pandemic Horde,525
2024-11-01,Fraternity.,337
2024-11-01,Goonswarm Federation,304
2024-11-01,Northern Coalition.,187
2024-11-01,The Initiative.,121
2024-11-01,Solyaris Chtonium,104
2024-11-01,Brave Collective,90
2024-11-01,Sigma Grindset,76
2024-11-01,Siberian Squads,43
2024-11-01,Dracarys.,42
2024-11-01,Fanatic Legion.,40
2024-12-01,Other,805
2024-12-01,Pandemic Horde,525
2024-12-01,Fraternity.,335
2024-12-01,Goonswarm Federation,268
2024-12-01,Northern Coalition.,187
2024-12-01,The Initiative.,121
2024-12-01,Brave Collective,102
2024-12-01,Sigma Grindset,99
2024-12-01,Solyaris Chtonium,89
2024-12-01,Dracarys.,67
2024-12-01,Fanatic Legion.,60
2024-12-01,Siberian Squads,43
2025-01-01,Other,811
2025-01-01,Pandemic Horde,525
2025-01-01,Fraternity.,335
2025-01-01,Goonswarm Federation,260
2025-01-01,Northern Coalition.,187
2025-01-01,The Initiative.,121
2025-01-01,Brave Collective,102
2025-01-01,Sigma Grindset,99
2025-01-01,Solyaris Chtonium,86
2025-01-01,Dracarys.,75
2025-01-01,Fanatic Legion.,60
2025-01-01,Siberian Squads,43
2025-02-01,Other,847
2025-02-01,Pandemic Horde,519
2025-02-01,Fraternity.,335
2025-02-01,Goonswarm Federation,260
2025-02-01,Northern Coalition.,187
2025-02-01,The Initiative.,121
2025-02-01,Brave Collective,102
2025-02-01,Solyaris Chtonium,85
2025-02-01,Dracarys.,75
2025-02-01,Sigma Grindset,75
2025-02-01,Fanatic Legion.,60
2025-02-01,Siberian Squads,43
2025-03-01,Other,839
2025-03-01,Pandemic Horde,532
2025-03-01,Fraternity.,335
2025-03-01,Goonswarm Federation,258
2025-03-01,Northern Coalition.,187
2025-03-01,The Initiative.,121
2025-03-01,Brave Collective,102
2025-03-01,Solyaris Chtonium,84
2025-03-01,Dracarys.,77
2025-03-01,Sigma Grindset,74
2025-03-01,Fanatic Legion.,60
2025-03-01,Siberian Squads,43
2025-04-01,Other,829
2025-04-01,Pandemic Horde,535
2025-04-01,Fraternity.,335
2025-04-01,Goonswarm Federation,257
2025-04-01,Northern Coalition.,187
2025-04-01,The Initiative.,121
2025-04-01,Brave Collective,102
2025-04-01,Solyaris Chtonium,84
2025-04-01,Dracarys.,77
2025-04-01,Sigma Grindset,74
2025-04-01,Fanatic Legion.,64
2025-04-01,Siberian Squads,43
2025-05-01,Other,834
2025-05-01,Pandemic Horde,536
2025-05-01,Fraternity.,347
2025-05-01,Goonswarm Federation,257
2025-05-01,Northern Coalition.,187
2025-05-01,The Initiative.,121
2025-05-01,Brave Collective,86
2025-05-01,Solyaris Chtonium,84
2025-05-01,Dracarys.,77
2025-05-01,Sigma Grindset,75
2025-05-01,Fanatic Legion.,64
2025-05-01,Siberian Squads,43
2025-06-01,Other,824
2025-06-01,Pandemic Horde,525
2025-06-01,Fraternity.,347
2025-06-01,Goonswarm Federation,285
2025-06-01,Northern Coalition.,187
2025-06-01,The Initiative.,115
2025-06-01,Brave Collective,86
2025-06-01,Solyaris Chtonium,84
2025-06-01,Dracarys.,77
2025-06-01,Sigma Grindset,75
2025-06-01,Fanatic Legion.,64
2025-06-01,Siberian Squads,43
2025-07-01,Goonswarm Federation,614
2025-07-01,Other,611
2025-07-01,Pandemic Horde,473
2025-07-01,Fraternity.,366
2025-07-01,Northern Coalition.,182
2025-07-01,The Initiative.,146
2025-07-01,Dracarys.,78
2025-07-01,Solyaris Chtonium,76
2025-07-01,Fanatic Legion.,67
2025-07-01,Siberian Squads,43
2025-07-01,Sigma Grindset,40
2025-07-01,Brave Collective,16
2025-08-01,Other,701
2025-08-01,Goonswarm Federation,434
2025-08-01,Pandemic Horde,418
2025-08-01,Fraternity.,366
2025-08-01,Northern Coalition.,159
2025-08-01,The Initiative.,146
2025-08-01,Dracarys.,119
2025-08-01,Fanatic Legion.,94
2025-08-01,Sigma Grindset,85
2025-08-01,Solyaris Chtonium,76
2025-08-01,Brave Collective,71
2025-08-01,Siberian Squads,43
2025-09-01,Other,683
2025-09-01,Goonswarm Federation,437
2025-09-01,Pandemic Horde,416
2025-09-01,Fraternity.,366
2025-09-01,Northern Coalition.,172
2025-09-01,The Initiative.,149
2025-09-01,Dracarys.,122
2025-09-01,Fanatic Legion.,98
2025-09-01,Sigma Grindset,81
2025-09-01,Solyaris Chtonium,76
2025-09-01,Brave Collective,69
2025-09-01,Siberian Squads,43
2025-10-01,Other,606
2025-10-01,Goonswarm Federation,437
2025-10-01,Fraternity.,431
2025-10-01,Pandemic Horde,414
2025-10-01,Northern Coalition.,174
2025-10-01,The Initiative.,155
2025-10-01,Dracarys.,122
2025-10-01,Fanatic Legion.,104
2025-10-01,Sigma Grindset,81
2025-10-01,Solyaris Chtonium,76
2025-10-01,Brave Collective,69
2025-10-01,Siberian Squads,43
2025-11-01,Other,580
2025-11-01,Fraternity.,441
2025-11-01,Goonswarm Federation,435
2025-11-01,Pandemic Horde,414
2025-11-01,Northern Coalition.,174
2025-11-01,The Initiative.,158
2025-11-01,Dracarys.,122
2025-11-01,Fanatic Legion.,105
2025-11-01,Brave Collective,83
2025-11-01,Sigma Grindset,81
2025-11-01,Solyaris Chtonium,76
2025-11-01,Siberian Squads,43
2025-12-01,Other,1098
2025-12-01,Goonswarm Federation,437
2025-12-01,Fraternity.,405
2025-12-01,The Initiative.,155
2025-12-01,Dracarys.,122
2025-12-01,Fanatic Legion.,108
2025-12-01,Brave Collective,87
2025-12-01,Sigma Grindset,81
2025-12-01,Northern Coalition.,61
2025-12-01,Pandemic Horde,59
2025-12-01,Siberian Squads,49
2025-12-01,Solyaris Chtonium,45
2026-01-01,Other,1185
2026-01-01,Goonswarm Federation,479
2026-01-01,Fraternity.,333
2026-01-01,The Initiative.,155
2026-01-01,Dracarys.,122
2026-01-01,Fanatic Legion.,107
2026-01-01,Brave Collective,88
2026-01-01,Sigma Grindset,81
2026-01-01,Northern Coalition.,63
2026-01-01,Siberian Squads,49
2026-01-01,Solyaris Chtonium,39
2026-01-01,Pandemic Horde,11
2026-02-01,Other,1214
2026-02-01,Goonswarm Federation,479
2026-02-01,Fraternity.,325
2026-02-01,The Initiative.,155
2026-02-01,Dracarys.,122
2026-02-01,Fanatic Legion.,107
2026-02-01,Brave Collective,88
2026-02-01,Sigma Grindset,81
2026-02-01,Northern Coalition.,60
2026-02-01,Siberian Squads,49
2026-02-01,Solyaris Chtonium,29
2026-02-01,Pandemic Horde,1
2026-03-01,Other,1197
2026-03-01,Goonswarm Federation,479
2026-03-01,Fraternity.,325
2026-03-01,The Initiative.,180
2026-03-01,Dracarys.,122
2026-03-01,Fanatic Legion.,107
2026-03-01,Brave Collective,88
2026-03-01,Sigma Grindset,81
2026-03-01,Northern Coalition.,60
2026-03-01,Siberian Squads,49
2026-03-01,Solyaris Chtonium,23
2026-03-01,Pandemic Horde,1
2026-04-01,Other,1169
2026-04-01,Goonswarm Federation,486
2026-04-01,Fraternity.,325
2026-04-01,The Initiative.,180
2026-04-01,Dracarys.,122
2026-04-01,Fanatic Legion.,107
2026-04-01,Brave Collective,106
2026-04-01,Sigma Grindset,88
2026-04-01,Northern Coalition.,60
2026-04-01,Siberian Squads,49
2026-04-01,Solyaris Chtonium,19
2026-05-01,Other,1135
2026-05-01,Goonswarm Federation,519
2026-05-01,Fraternity.,324
2026-05-01,The Initiative.,184
2026-05-01,Dracarys.,122
2026-05-01,Fanatic Legion.,107
2026-05-01,Brave Collective,106
2026-05-01,Sigma Grindset,88
2026-05-01,Northern Coalition.,57
2026-05-01,Siberian Squads,49
2026-05-01,Solyaris Chtonium,19
2026-06-01,Other,1125
2026-06-01,Goonswarm Federation,509
2026-06-01,Fraternity.,342
2026-06-01,The Initiative.,184
2026-06-01,Dracarys.,122
2026-06-01,Fanatic Legion.,107
2026-06-01,Brave Collective,106
2026-06-01,Sigma Grindset,88
2026-06-01,Northern Coalition.,57
2026-06-01,Siberian Squads,49
2026-06-01,Solyaris Chtonium,19
2026-07-01,Other,1128
2026-07-01,Goonswarm Federation,509
2026-07-01,Fraternity.,344
2026-07-01,The Initiative.,180
2026-07-01,Dracarys.,122
2026-07-01,Fanatic Legion.,107
2026-07-01,Brave Collective,106
2026-07-01,Sigma Grindset,88
2026-07-01,Northern Coalition.,60
2026-07-01,Siberian Squads,49
2026-07-01,Solyaris Chtonium,19
2026-08-01,Other,1148
2026-08-01,Goonswarm Federation,509
2026-08-01,Fraternity.,344
2026-08-01,The Initiative.,180
2026-08-01,Dracarys.,122
2026-08-01,Fanatic Legion.,107
2026-08-01,Brave Collective,106
2026-08-01,Sigma Grindset,88
2026-08-01,Siberian Squads,49
2026-08-01,Northern Coalition.,40
2026-08-01,Solyaris Chtonium,19
