cell,x,y,category
1,1,1,Seen once: killed by another player
2,2,1,Seen once: killed by another player
3,3,1,Seen once: killed by another player
4,4,1,Seen once: killed by another player
5,5,1,Seen once: killed by another player
6,6,1,Seen once: killed by another player
7,7,1,Seen once: killed by another player
8,8,1,Seen once: killed by another player
9,9,1,Seen once: killed by another player
10,10,1,Seen once: killed by another player
11,1,2,Seen once: killed by another player
12,2,2,Seen once: killed by another player
13,3,2,Seen once: killed by another player
14,4,2,Seen once: killed by another player
15,5,2,Seen once: killed by another player
16,6,2,Seen once: killed by another player
17,7,2,Seen once: killed by another player
18,8,2,Seen once: killed by another player
19,9,2,Seen once: killed by another player
20,10,2,Seen once: killed by another player
21,1,3,Seen once: killed by another player
22,2,3,Seen once: killed by another player
23,3,3,Seen once: killed by another player
24,4,3,Seen once: killed by another player
25,5,3,Seen once: killed by another player
26,6,3,Seen once: killed by another player
27,7,3,Seen once: killed by another player
28,8,3,Seen once: killed by another player
29,9,3,Seen once: killed by another player
30,10,3,Seen once: killed by another player
31,1,4,Seen once: killed by another player
32,2,4,Seen once: killed by another player
33,3,4,Seen once: killed by another player
34,4,4,Seen once: killed by another player
35,5,4,Seen once: killed by another player
36,6,4,Seen once: killed by another player
37,7,4,Seen once: killed by another player
38,8,4,Seen once: killed by another player
39,9,4,Seen once: killed by another player
40,10,4,Seen once: killed by another player
41,1,5,Seen once: killed by another player
42,2,5,Seen once: killed by the computer
43,3,5,Seen once: killed by the computer
44,4,5,Seen once: killed by the computer
45,5,5,Seen once: killed by the computer
46,6,5,Seen once: killed by the computer
47,7,5,Seen once: killed by the computer
48,8,5,Seen once: killed by the computer
49,9,5,Seen once: other (a kill or a trade)
50,10,5,Seen once: other (a kill or a trade)
51,1,6,Seen once: other (a kill or a trade)
52,2,6,Seen once: other (a kill or a trade)
53,3,6,Seen once: other (a kill or a trade)
54,4,6,Seen once: other (a kill or a trade)
55,5,6,Seen once: other (a kill or a trade)
56,6,6,Seen once: other (a kill or a trade)
57,7,6,Seen once: other (a kill or a trade)
58,8,6,Seen once: other (a kill or a trade)
59,9,6,Seen once: other (a kill or a trade)
60,10,6,Seen once: other (a kill or a trade)
61,1,7,Seen once: other (a kill or a trade)
62,2,7,Seen once: other (a kill or a trade)
63,3,7,Seen on 2+ days
64,4,7,Seen on 2+ days
65,5,7,Seen on 2+ days
66,6,7,Seen on 2+ days
67,7,7,Seen on 2+ days
68,8,7,Seen on 2+ days
69,9,7,Seen on 2+ days
70,10,7,Seen on 2+ days
71,1,8,Seen on 2+ days
72,2,8,Seen on 2+ days
73,3,8,Seen on 2+ days
74,4,8,Seen on 2+ days
75,5,8,Seen on 2+ days
76,6,8,Seen on 2+ days
77,7,8,Seen on 2+ days
78,8,8,Seen on 2+ days
79,9,8,Seen on 2+ days
80,10,8,Seen on 2+ days
81,1,9,Seen on 2+ days
82,2,9,Seen on 2+ days
83,3,9,Seen on 2+ days
84,4,9,Seen on 2+ days
85,5,9,Seen on 2+ days
86,6,9,Seen on 2+ days
87,7,9,Seen on 2+ days
88,8,9,Seen on 2+ days
89,9,9,Seen on 2+ days
90,10,9,Seen on 2+ days
91,1,10,Seen on 2+ days
92,2,10,Seen on 2+ days
93,3,10,Seen on 2+ days
94,4,10,Seen on 2+ days
95,5,10,Seen on 2+ days
96,6,10,Seen on 2+ days
97,7,10,Seen on 2+ days
98,8,10,Seen on 2+ days
99,9,10,Seen on 2+ days
100,10,10,Seen on 2+ days
