date,date_precision,event,sides,what_happened,scale,source
2003-05-06,day,EVE Online launches,,One shared server where every player is in the same universe.,,"Groen, Empires of Eve (2016), p. 24"
2004-01-01,approximate,Players can own territory,CCP,Player-owned stations and then sovereignty let alliances formally hold space.,,"Groen (2016), pp. 28, 62-64"
2004-05-28,day,Great Northern War,Northern Coalition vs Phoenix Alliance,The first region-wide war; Phoenix fell apart from inside and it ended in a ceasefire.,"150 vs 100 ships in one battle, when 20 a side was normal","Groen (2016), pp. 71-99"
2005-01-01,approximate,Goonswarm arrives,Goonswarm (SomethingAwful forums),A forum community that recruited and taught beginners when other alliances turned them away.,"1,300 members, the corporation limit","Groen (2016), pp. 161-165"
2005-07-01,approximate,Capital-ship arms race,All alliances,"Dreadnoughts, carriers and Titans made war depend on a large player-run industry.","One Titan cost about 70bn ISK, about US$6,000 in 2005","Groen (2016), pp. 110-113"
2005-07-26,day,Band of Brothers takes Fountain and Delve,Band of Brothers vs Fountain Alliance,A surprise attack while still allied; a spy removed the fuel from the defenders' bases.,"Fountain fell from 2,500 to under 600 members","Groen (2016), pp. 104-116"
2006-05-24,day,Siege of C-J6MT,Coalition of the South vs Red Alliance,About 70 Russian pilots held off a 400-ship fleet for days; the legend drew thousands of new players.,Red Alliance had held 450 systems,"Groen (2016), pp. 10-18, 251"
2006-06-01,month,RedSwarm pact,Goonswarm and Red Alliance,The two outcast alliances agreed in a pub to cover each other's time zones.,"Grew to about 15,000 players","Groen (2016), pp. 170-178"
2006-09-25,day,First Titan built,Ascendant Frontier,Built in secret; the developer had to create it by hand because the game wasn't ready.,,"Groen (2016), pp. 125-130"
2006-12-11,day,Fall of Ascendant Frontier,Band of Brothers vs Ascendant Frontier,The first Titan was destroyed; the leader quit and the alliance collapsed within weeks.,Band of Brothers' bloc then held 561 systems,"Groen (2016), pp. 134-156"
2007-01-30,day,T20 scandal starts the Great War,Band of Brothers vs the community,"A developer was found giving items to Band of Brothers, uniting its enemies.",,"Groen (2016), pp. 183-188"
2007-06-22,day,First Titan destroyed in combat,RedSwarm vs Band of Brothers,Band of Brothers' advance south stopped.,,"Groen (2016), pp. 223-224"
2008-02-01,month,Siege of Fortress Delve,"RedSwarm, Northern Coalition, Pandemic Legion vs Band of Brothers",Fighting ran around the clock for over a week; Band of Brothers held but shrank.,"400-1,200 pilots in one system; Band of Brothers fell from 14 regions to 3","Groen (2016), pp. 227-238"
2009-02-04,day,Band of Brothers disbanded by a spy,Goonswarm vs Band of Brothers,A director who had defected took the alliance's assets and shut it down; it made world news.,15 dreadnoughts and hundreds of ships taken,"Groen (2016), pp. 259-264"
2009-06-16,day,Fall of Delve ends the Great War,"Goonswarm, Pandemic Legion, Northern Coalition vs KenZoku",The defenders' fleet was trapped and their money ran out.,"30,000+ of about 300,000 players took part; 1,000+ ships in one fight","Groen (2016), pp. 267-275"
2009-12-01,day,Dominion changes how territory works,CCP,"Each system now needs a hub and a monthly bill, so missing a payment can cost an empire.",,"Groen, Empires of Eve Vol. 2, ch. Dominion"
2010-02-01,month,Goonswarm loses everything to its own leader,Goonswarm vs its CEO,"A missed bill cost the alliance its space, then its leader expelled everyone and took the treasury.","About 1 trillion ISK, about EUR 40,000","Groen, Vol. 2, ch. King Karttoon"
2010-02-01,month,Dreddit (TEST) is born from Reddit,Reddit players,"Outsiders got a place to learn the game, free starter ships and ship replacement; it grew past 3,000 members.",125-member corporation filled within an hour,"Groen, Vol. 2, chs. North and South; A Couch in Deklein"
2011-06-01,month,Summer of Rage,Players vs CCP,"An unpopular expansion and a $70 virtual monocle led to mass in-game protests.","About 8% of subscribers lost; 20% of CCP staff laid off","Groen, Vol. 2, ch. The Summer of Rage"
2012-04-01,month,Burn Jita,Goonswarm vs traders,"A mass attack on everyone leaving the main market hub, in policed space.","About 1,800 pilots","Groen, Vol. 2, ch. Burn Jita"
2013-01-27,day,Battle of Asakai,"CFC vs Pandemic Legion, TEST and others","A misclick sent one Titan alone into a small fight; it grew into a huge battle near the starter areas, streamed live.","2,754 players from 270+ alliances","Groen, Vol. 2, ch. Asakai"
2013-07-28,day,Battle of 6VDT-H,CFC vs TEST and N3,"The largest battle to date ended TEST's hold on Fountain.","4,000+ players; about 2,900 ships destroyed; 10,000 watching on Twitch","Groen, Vol. 2, ch. The Battle of 6VDT-H"
2014-01-27,day,Bloodbath of B-R5RB,CFC and Russians vs N3 and Pandemic Legion,"A missed territory payment exposed a staging system; the battle lasted about 21 hours.","About 7,548 players; N3 and Pandemic Legion lost 59 Titans; over US$300,000 equivalent","Groen, Vol. 2, chs. The Bloodbath; Imperium"
2015-04-01,month,The Imperium,Goonswarm-led coalition,"After 15 months on top, the winning coalition renamed itself The Imperium.",,"Groen, Vol. 2, ch. Imperium"
2018-09-01,month,Pearl Abyss buys CCP,Pearl Abyss,"The Korean publisher bought EVE's developer.",US$425M,"Groen, Vol. 2, Epilogue"
