date,precision,category,event,video_timestamp
1997-01-01,year,company,"CCP (Crowd Control Productions) founded in Reykjavik by former OZ Interactive staff",00:05:47
1999-01-01,year,company,"Development of EVE Online begins, funded by the board game Hættuspilið",00:07:28
2002-10-24,day,company,"Beta press releases announce the open beta test (phase three)",00:18:27
2003-05-06,day,release,"EVE Online launches with 5,000+ star systems",00:22:06
2003-12-03,day,company,"CCP regains publishing rights from Simon & Schuster and moves to digital distribution",00:47:46
2004-03-03,day,incident,"Zombies Inc smartbomb exploit in Yulai; GMs ban the exploiters and reimburse victims",00:49:56
2005-04-18,day,incident,"Guiding Hand Social Club heist on Ubiqua Seraph (~20 billion ISK stolen)",01:18:50
2005-06-29,day,release,"Dreadnoughts and freighters announced",01:09:47
2005-12-16,day,release,"Red Moon Rising expansion: carriers, motherships and Titans",01:11:27
2006-03-01,day,infrastructure,"Server move to new hardware; Jita later gets a dedicated server as the main trade hub",01:55:07
2006-09-25,day,war,"First Titan ('Steve') completed by Ascendant Frontier",01:22:36
2006-12-11,day,war,"Steve the Titan destroyed by Band of Brothers",01:23:48
2007-01-01,month,incident,"T20 scandal: a CCP developer found giving items to Band of Brothers",01:31:04
2007-11-01,month,company,"Council of Stellar Management (elected player council) announced",02:04:43
2008-06-10,day,release,"Empyrean Age expansion: Faction Warfare",02:12:32
2008-11-01,month,monetization,"PLEX introduced: game time as a tradable in-game item, giving ISK a real-money value",02:14:46
2009-02-04,day,war,"Band of Brothers alliance disbanded by a defecting director; GoonSwarm takes Delve",02:25:29
2009-03-10,day,release,"Apocrypha expansion: wormhole space",02:28:51
2009-08-01,month,company,"Dust 514 (console shooter linked to EVE) announced",02:34:55
2009-12-01,day,release,"Titan doomsday changed from area damage to single target",02:44:03
2010-05-26,day,release,"Tyrannis expansion: planetary interaction",02:48:42
2011-06-22,day,monetization,"Incarna expansion and cash shop ('Monoclegate'); Summer of Rage, mass subscription cancellations",02:50:59
2011-10-01,month,company,"CCP apologises and lays off ~20% of staff",03:02:41
2013-05-22,day,company,"Dust 514 released on PlayStation 3",03:19:11
2014-01-27,day,war,"Battle of B-R5RB: 7,500+ participants, estimated cost over $300,000",03:28:58
2014-04-01,month,company,"World of Darkness MMO cancelled",03:24:47
2015-04-01,month,war,"CFC coalition renamed 'The Imperium'",03:46:44
2015-11-30,day,war,"Imperium announces the Viceroyalty tribute programme",03:52:56
2016-03-28,day,war,"MR-O E8 battle and Circle of Two betrayal during 'World War Bee' (the Casino War)",04:19:41
2016-04-01,month,release,"Citadel expansion: Upwell structures",04:32:37
2016-05-01,month,company,"Dust 514 servers shut down",04:38:40
2016-10-12,day,monetization,"EULA bans third-party gambling; IWantISK and EVE-Casino shut down",04:35:22
2018-09-06,day,company,"Pearl Abyss acquires CCP",04:55:17
2018-10-15,day,economy,"Tranquility Trading Tower Keepstar anchored next to Jita",04:46:12
2019-03-09,day,community,"Katia Sae becomes the first character to visit every star system",05:11:18
2020-02-17,day,company,"Project Nova (EVE shooter) cancelled",05:02:18
2020-06-01,month,war,"World War Bee 2 begins: PAPI coalition against the Imperium",05:14:09
2020-10-06,day,war,"Fury at FWST-8: record 8,825 characters in one battle",05:24:58
2021-01-01,month,war,"Battle of M2-XFE: 13,500+ players, over $350,000 in losses",05:32:21
2022-03-01,month,monetization,"Prospector Pack sells a mining ship for real money; 'EVE Blackout' protest; pack withdrawn",05:44:02
