plan_name,product_type,billing_cycle_months,effective_date,currency,list_price,sale_price,source_file
Omega 3 months,subscription,3,2024-01-06,USD,47.98,,pricing/store.eveonline.com_20240106115405.html
Omega 1 month,subscription,1,2024-01-06,USD,19.99,,pricing/store.eveonline.com_20240106115405.html
PLEX 500,in-game currency,,2024-01-06,USD,24.99,,pricing/store.eveonline.com_20240106115405.html
PLEX 3000,in-game currency,,2024-01-06,USD,124.99,,pricing/store.eveonline.com_20240106115405.html
Omega 3 months,subscription,3,2024-02-06,USD,47.98,,pricing/store.eveonline.com_20240206080559.html
Omega 1 month,subscription,1,2024-02-06,USD,19.99,,pricing/store.eveonline.com_20240206080559.html
PLEX 500,in-game currency,,2024-02-06,USD,24.99,,pricing/store.eveonline.com_20240206080559.html
PLEX 3000,in-game currency,,2024-02-06,USD,124.99,,pricing/store.eveonline.com_20240206080559.html
PLEX 100,in-game currency,,2024-05-21,USD,4.99,,pricing/store.eveonline.com_20240521040719.html
PLEX 250,in-game currency,,2024-05-21,USD,12.49,,pricing/store.eveonline.com_20240521040719.html
PLEX 500,in-game currency,,2024-05-21,USD,24.99,,pricing/store.eveonline.com_20240521040719.html
PLEX 1000,in-game currency,,2024-05-21,USD,44.99,,pricing/store.eveonline.com_20240521040719.html
PLEX 1500,in-game currency,,2024-05-21,USD,64.99,,pricing/store.eveonline.com_20240521040719.html
PLEX 3000,in-game currency,,2024-05-21,USD,124.99,,pricing/store.eveonline.com_20240521040719.html
PLEX 6000,in-game currency,,2024-05-21,USD,239.99,,pricing/store.eveonline.com_20240521040719.html
PLEX 12000,in-game currency,,2024-05-21,USD,419.99,,pricing/store.eveonline.com_20240521040719.html
PLEX 20000,in-game currency,,2024-05-21,USD,649.99,,pricing/store.eveonline.com_20240521040719.html
PLEX 100,in-game currency,,2024-07-06,USD,4.99,,pricing/store.eveonline.com_20240706070211.html
PLEX 250,in-game currency,,2024-07-06,USD,12.49,,pricing/store.eveonline.com_20240706070211.html
PLEX 500,in-game currency,,2024-07-06,USD,24.99,,pricing/store.eveonline.com_20240706070211.html
PLEX 1000,in-game currency,,2024-07-06,USD,44.99,,pricing/store.eveonline.com_20240706070211.html
PLEX 1500,in-game currency,,2024-07-06,USD,64.99,,pricing/store.eveonline.com_20240706070211.html
PLEX 3000,in-game currency,,2024-07-06,USD,124.99,,pricing/store.eveonline.com_20240706070211.html
PLEX 6000,in-game currency,,2024-07-06,USD,239.99,,pricing/store.eveonline.com_20240706070211.html
PLEX 12000,in-game currency,,2024-07-06,USD,419.99,,pricing/store.eveonline.com_20240706070211.html
PLEX 20000,in-game currency,,2024-07-06,USD,649.99,,pricing/store.eveonline.com_20240706070211.html
PLEX 100,in-game currency,,2024-09-02,USD,4.99,,pricing/store.eveonline.com_20240902023006.html
PLEX 250,in-game currency,,2024-09-02,USD,12.49,,pricing/store.eveonline.com_20240902023006.html
PLEX 500,in-game currency,,2024-09-02,USD,24.99,,pricing/store.eveonline.com_20240902023006.html
PLEX 1000,in-game currency,,2024-09-02,USD,44.99,,pricing/store.eveonline.com_20240902023006.html
PLEX 1500,in-game currency,,2024-09-02,USD,64.99,,pricing/store.eveonline.com_20240902023006.html
PLEX 3000,in-game currency,,2024-09-02,USD,124.99,,pricing/store.eveonline.com_20240902023006.html
PLEX 6000,in-game currency,,2024-09-02,USD,239.99,,pricing/store.eveonline.com_20240902023006.html
PLEX 12000,in-game currency,,2024-09-02,USD,419.99,,pricing/store.eveonline.com_20240902023006.html
PLEX 20000,in-game currency,,2024-09-02,USD,649.99,,pricing/store.eveonline.com_20240902023006.html
PLEX 100,in-game currency,,2024-12-01,USD,4.99,,pricing/store.eveonline.com_20241201075357.html
PLEX 250,in-game currency,,2024-12-01,USD,12.49,,pricing/store.eveonline.com_20241201075357.html
PLEX 500,in-game currency,,2024-12-01,USD,24.99,,pricing/store.eveonline.com_20241201075357.html
PLEX 1000,in-game currency,,2024-12-01,USD,44.99,,pricing/store.eveonline.com_20241201075357.html
PLEX 1500,in-game currency,,2024-12-01,USD,64.99,,pricing/store.eveonline.com_20241201075357.html
PLEX 3000,in-game currency,,2024-12-01,USD,124.99,,pricing/store.eveonline.com_20241201075357.html
PLEX 6000,in-game currency,,2024-12-01,USD,239.99,,pricing/store.eveonline.com_20241201075357.html
PLEX 12000,in-game currency,,2024-12-01,USD,419.99,,pricing/store.eveonline.com_20241201075357.html
PLEX 20000,in-game currency,,2024-12-01,USD,649.99,,pricing/store.eveonline.com_20241201075357.html
Omega 1 month,subscription,1,2026-03-07,USD,20.0,,pricing/store.eveonline.com_20260307025933.html
Omega 3 months,subscription,3,2026-03-07,USD,48.0,,pricing/store.eveonline.com_20260307025933.html
Omega 6 months,subscription,6,2026-03-07,USD,84.0,,pricing/store.eveonline.com_20260307025933.html
Omega 12 months,subscription,12,2026-03-07,USD,144.0,,pricing/store.eveonline.com_20260307025933.html
Omega 24 months,subscription,24,2026-03-07,USD,264.0,,pricing/store.eveonline.com_20260307025933.html
PLEX 20000,in-game currency,,2026-03-07,USD,650.0,,pricing/store.eveonline.com_20260307025933.html
PLEX 12000,in-game currency,,2026-03-07,USD,420.0,,pricing/store.eveonline.com_20260307025933.html
PLEX 6000,in-game currency,,2026-03-07,USD,240.0,,pricing/store.eveonline.com_20260307025933.html
PLEX 3000,in-game currency,,2026-03-07,USD,125.0,,pricing/store.eveonline.com_20260307025933.html
PLEX 1500,in-game currency,,2026-03-07,USD,65.0,,pricing/store.eveonline.com_20260307025933.html
PLEX 1000,in-game currency,,2026-03-07,USD,45.0,,pricing/store.eveonline.com_20260307025933.html
PLEX 500,in-game currency,,2026-03-07,USD,25.0,,pricing/store.eveonline.com_20260307025933.html
PLEX 200,in-game currency,,2026-03-07,USD,10.0,,pricing/store.eveonline.com_20260307025933.html
PLEX 100,in-game currency,,2026-03-07,USD,5.0,,pricing/store.eveonline.com_20260307025933.html
Omega 3 months,subscription,3,2025-07-24,USD,47.98,,news_all/page_005.json
Omega 6 months,subscription,6,2025-07-24,USD,86.95,,news_all/page_005.json
Omega 12 months,subscription,12,2025-07-24,USD,149.9,,news_all/page_005.json
Omega 24 months,subscription,24,2025-07-24,USD,270.99,,news_all/page_005.json
Omega 3 months,subscription,3,2025-07-25,USD,48,,news_all/page_005.json
Omega 6 months,subscription,6,2025-07-25,USD,84,,news_all/page_005.json
Omega 12 months,subscription,12,2025-07-25,USD,144,,news_all/page_005.json
Omega 24 months,subscription,24,2025-07-25,USD,264,,news_all/page_005.json
PLEX 250,in-game currency,,2025-07-24,USD,12.49,,news_all/page_005.json
PLEX 200,in-game currency,,2025-07-25,USD,10,,news_all/page_005.json
